no,judul,deskripsi,asal_daerah,link,gambar
1,Aesan gede,"Aesan gede adalah salah satu Busana tradisional Melayu Palembang, berasal dari Sumatra Selatan. Aesan berarti perhiasan, sementara gede bermakna nenek atau leluhur. Penamaan aesan gede berkaitan dengan julukan Sumatra sebagai Suwarna-dwipa (terj. har. 'pulau emas'). Indikasinya terlihat dari beberapa kelengkapan yang dikenakan, yaitu berupa perhiasan bercitrakan keemasan. Pakaian ini termasuk salah satu jenis kain songket yang dahulu sering dipergunakan para kaum bangsawan. Pakaian ini dikenakan pada upacara adat pernikahan karena melambangkan kebesaran orang yang mengenakannya. Aesan gede dipakai pada acara munggah, yaitu salah satu puncak upacara adat pernikahan yang harus dijalankan oleh kedua mempelai. Unsur Hindu Budha sendiri terkandung pada pakaian adat aesan gede. Aesan gede berasal dari Kerajaan Sriwijaya yang menganut kepercayaan Hindu-Buddha. Hal ini terbukti bahwa Bukit Siguntang di kawasan Bukit Kecil merupakan tempat pemujaan atau tempat beribadah umat Hindu-Buddha pada saat itu.",Sumatera Selatan,https://id.wikipedia.org/wiki/Aesan_gede,https://upload.wikimedia.org/wikipedia/commons/5/5c/Aesan_Gede_Songket_Palembang.jpg
2,Air Guci,"Air Guci atau Airguci atau Arguci merupakan salah satu kerajinan tangan bahari (tua/lama) berupa kain khas Banua Banjar yang telah popular sejak ratusan tahun silam. Pada zaman dahulu kain Airguci hanya boleh dipakai oleh penguasa Kerajaan Banjar saja. Hal ini karena Air Guci tak hanya sekadar kain biasa, melainkan simbol kain kehormatan Kesultanan Banjar. Seiring perkembangan zaman serta upaya pelestariannya oleh masyarakat Banjar membuat Kesakralan kain Air Guci kini kian luntur.",Kalimantan Selatan,https://id.wikipedia.org/wiki/Air_Guci,https://upload.wikimedia.org/wikipedia/id/9/96/Busana_Remaja_Suku_Banjar.JPG
3,Atela dan beskap,"Beskap atau Atela adalah sejenis kemeja pria resmi dalam tradisi adat Jawa untuk dikenakan pada acara-acara resmi atau penting. Busana atasan ini diperkenalkan pada akhir abad ke-18 oleh kalangan kerajaan-kerajaan di wilayah Jawa tetapi kemudian menyebar ke berbagai wilayah pengaruh budayanya. Beskap berbentuk kemeja tebal, tidak berkerah lipat, biasanya berwarna gelap, tetapi hampir selalu polos. Bagian depan berbentuk tidak simetris, dengan pola kancing menyamping (tidak tegak lurus). Tergantung jenisnya terdapat perbedaan potongan pada bagian belakang, untuk mengantisipasi keberadaan keris. Beskap selalu dikombinasi dengan jarik (kain panjang yang dibebatkan untuk menutup kaki.",Indonesia,https://id.wikipedia.org/wiki/Atela_dan_beskap,
4,Baji (pakaian),"Baji (바지) adalah jenis celana tradisional Korea, bagian dari hanbok. Baji berbentuk menggelembung sehingga harus diikatkan ke pinggang dengan kain pengikat. Selain longgar, pada pergelangan kaki, baji akan melebihi batas, sehingga diikatkan dengan menggunakan pengikat yang dinamakan daenim.",Indonesia,https://id.wikipedia.org/wiki/Baji_(pakaian),https://upload.wikimedia.org/wikipedia/commons/d/dd/Korea-Seoul_0589-06_traditional_dress.JPG
5,Baju,"Baju adalah istilah untuk pakaian yang digunakan untuk menutupi badan, terutama badan bagian atas. Bagian yang ditutupi dapat bermacam-macam tergantung jenis bajunya. Meskipun istilah baju umumnya digunakan pada pakaian yang dikenakan pada badan bagian atas, terutama bagian batang tubuh dan lengan di antara leher dan pinggang, istilah tersebut juga dapat merujuk pada pakaian yang menutupi seluruh badan dari leher hingga kaki yang sering disebut terusan, misalnya gaun. Untuk membedakannya, baju yang khusus untuk menutupi badan bagian atas saja disebut atasan. Baju atasan pria umumnya dipadankan dengan celana, dan baju atasan wanita dengan celana atau rok. Jenis baju yang paling umum adalah kaus dan kemeja.",Indonesia,https://id.wikipedia.org/wiki/Baju,https://upload.wikimedia.org/wikipedia/commons/a/ab/Kemeja_batik_tulis_lukis.jpg
6,Baju Basurat,"Baju Basurat adalah pakaian tradisional yang digunakan oleh masyarakat adat suku Dayak ketika berperang. Baju Basurat atau pakaian berperang suku Dayak ini terbuat dari kulit kayu, kulit binatang, dan dihiasi logam. Baju Basurat juga kerap dilengkapi dengan tulisan-tulisan yang disebut rajah, dengan tujuan untuk menangkal atau melindungi si pemakai ketika berperang atau berkelahi, sehingga ia selamat.",Kalimantan Timur,https://id.wikipedia.org/wiki/Baju_Basurat,https://upload.wikimedia.org/wikipedia/commons/a/a7/Baju_Basurat_Dayak.jpg
7,Baju Cele,"Baju Cele adalah pakaian tradisional yang berasal dari Maluku. Pakaian ini memiliki motif garis-garis geometris atau berkotak-kotak kecil. Pakaian ini biasa dipadupadankan dengan kain salele yang diletakkan pada bahu dan biasa dikenakan pada upacara adat. Warna baju ini adalah warna-warna cerah, tetapi lebih sering didominasi dengan warna merah. Jika ada seorang gadis yang mengenakan pakaian ini maka ia akan disebut sebagai nona baju cele kaeng atau nona kain salele. Adapun jika seorang wanita yang mengenakannya maka ia akan dipanggil dengan sebutan nyonya kain salele. Pada tahun ajaran 2014/2015, pemerintah Wali Kota Ambon, Richard Luohenapessy menerapkan kebijakan berupa pergantian seragam batik dengan baju cele untuk para pelajar di tingkat SMP dan SMA di Kota Ambon. Kebijakan itu berlaku setiap hari Jumat dan Sabtu.",Maluku,https://id.wikipedia.org/wiki/Baju_Cele,
8,Baju Kustim,"Baju Kustim yang berasal dari kata “Kustin,” yang berarti “kebesaran,” adalah salah satu pakaian khas yang ada di Kalimantan Timur. Baju Kustim digunakan oleh pembesar pada masa Kesultanan Kutai Kartanegara pada saat acara-acara formal. Kesultanan ini dikenal sebagai salah satu kerajaan tertua di Indonesia dan dianggap sebagai cikal bakal kota Nusantara. Pada perkembangannya, Kustim selain digunakan sebagai salah satu pakaian kebesaran di Kesultanan Kutai Kartanegara Ing Martadipura, juga dipakai dalam upacara-upacara penting, termasuk upacara Erau, serta sering dipakai bagi mempelai dalam pernikahan Suku Kutai.",Kalimantan Timur,https://id.wikipedia.org/wiki/Baju_Kustim,https://upload.wikimedia.org/wikipedia/commons/4/4f/Kustim.jpg
9,Baju Layang,"Baju Layang adalah salah satu pakaian adat tradisional suku Banjar yang biasa dikenakan oleh perempuan yang baru menginjak remaja. Baju Layang merupakan baju kurung berbahan kain tipis dengan belahan di samping bahu. Pada masa kini, baju Layang dipakai untuk penari Tari Radap Rahayu.",Kalimantan Selatan,https://id.wikipedia.org/wiki/Baju_Layang,https://upload.wikimedia.org/wikipedia/commons/9/92/Tari_Radap_Rahayu.jpg
10,Baju Sangkarut,"Baju Sangkarut atau baju basulau adalah pakaian adat asal Kalimantan Tengah. Baju sangkarut dibuat oleh suku Dayak Ngaju yang bermukim di daerah Sungai Kapuas, Kalimantan Tengah. Penamaan baju sangkarut berasal dari kata ""sangka"" yang berarti pembatas. Nilai filosofinya, baju ini dapat menangkal setiap gangguan para roh halus. Selain itu, baju sangkarut juga dipercaya bisa melindungi pemakainya dari pengaruh orang jahat. Baju sangkarut juga dikenal dengan sebutan “baju basulau” karena biasanya dilapisi dengan sulau atau hiasan dari kerang, yang melambangkan kekuatan dan perlindungan bagi pemakainya. Dalam budaya Dayak Ngaju, kepercayaan terhadap roh dan energi mistis masih kuat, sehingga baju ini diyakini memiliki peran penting dalam menjaga keselamatan penggunanya. Baju sangkarut umumnya dipakai saat berperang. Selain itu, baju sangkarut juga digunakan dalam acara adat perkawinan.",Bangka Belitung,https://id.wikipedia.org/wiki/Baju_Sangkarut,https://upload.wikimedia.org/wikipedia/commons/8/85/Baju_Sangkarut.jpg
11,Baju Seting dan Kain Cual,"Baju Seting dan Kain Cual adalah pakaian adat dari Bangka Belitung. Kain Cual memiliki kesamaan dengan kain songket yang merupakan khas dari Palembang. Walaupun memiliki kemiripan, tetapi ada perbedaan di antara keduanya. Sama halnya dengan kain songket, pembuatan Kain Cual ini memiliki tingkat kerumitan yang cukup dan memakan waktu yang cukup lama. Tingkat kerumitan dan lama pengerjaan, sama seperti halnya dengan kain songket yang juga memiliki tingkat kerumitan yang cukup tinggi. Hal ini membuat harga dari Kain Cual ini cukup mahal. Hal ini menyebabkan Kain Cual sering kali identik dengan pakaian adat bangsawan, acara pernikahan, dan juga berbagai acara besar lainnya. Pada acara-acara yang cukup besar, Kain Cual dipasangkan dengan Baju Seting. Kain cual merupakan kain asli budaya Bangka Belitung yang dibuat dengan metode tradisional tenun ikat.",Sumatera Selatan,https://id.wikipedia.org/wiki/Baju_Seting_dan_Kain_Cual,
12,Baju Takwo,"Baju Takwo adalah salah satu pakaian adat masyarakat Kutai di Kalimantan Timur. Pakaian ini digunakan dalam acara pernikahan. Dahulu baju takwo hanya dipakai oleh bangsawan atau para penari saat mengikuti upacara adat. Sekarang masyarakat umum pun dapat mengenakan baju takwo sebagai baju pengantin. Baju takwo terbuat dari kain katun, linen, atau beludru. Baju takwo mirip jas tertutup, tetapi berleher tinggi. dibagian depannya ditambah sepotong kain yang disebut jelapah. Jelapah menutup bagian tengah dada dari bawah leher hingga pinggul. Dipadukan dengan kain panjang bermotif parang rusak yang sisinya diberi ornamen berupa rumbai-rumbai keemasan. Kain panjang tersebut dipakai hingga menutup mata kaki yang berumbai berlipat-lipat di bagian depan. secara garis besar baju takwo untuk mempelai wanita dan pria sama, hanya saja untuk mempelai laki-laki bawahannya menggunakan celana panjang yang ditutup sebagian dengan kain panjang bermotif parang rusak.",Kalimantan Timur,https://id.wikipedia.org/wiki/Baju_Takwo,
13,Baju bodo,"Baju Bodo adalah pakaian tradisional perempuan suku Makassar dari Sulawesi Selatan, Indonesia. Baju bodo juga dikenali sebagai salah satu busana tertua di dunia.",Sulawesi Selatan,https://id.wikipedia.org/wiki/Baju_bodo,https://upload.wikimedia.org/wikipedia/commons/1/10/Vrouwen_uit_Makassar%2C_KITLV_4288.tiff
14,Baju koko,Baju koko adalah pakaian tradisional Tionghoa yang beradaptasi dengan budaya Indonesia. Baju koko merupakan model baju tradisional masyarakat Tionghoa secara turun temurun yang dikenal dengan nama Tui-Khim. Baju koko merupakan hasil perpaduan antara budaya Tionghoa dan Jawa.,Indonesia,https://id.wikipedia.org/wiki/Baju_koko,
15,Baju kurung,"Baju kurung (Jawi: باجو كوروڠ) adalah salah satu pakaian adat masyarakat Melayu di Indonesia dan Malaysia. Baju kurung sering diasosiasi dengan kaum perempuan. Ciri khas baju kurung adalah rancangan yang longgar pada lubang lengan, perut, dan dada. Pada saat dikenakan, bagian paling bawah baju kurung sejajar dengan pangkal paha, tetapi untuk kasus yang jarang ada pula yang memanjang hingga sejajar dengan lutut. Baju kurung tidak dipasangi kancing, melainkan hampir serupa dengan t-shirt, meski begitu tetapi baju kurung ada juga yang memiliki kancing yang jumlahnya sekitar 3 baris. Baju kurung tidak pula berkerah, tiap ujungnya direnda. Beberapa bagiannya sering dihiasi sulaman berwarna keemasan. Pada awalnya baju kurung biasa dipakai untuk upacara kebesaran Melayu oleh kaum perempuan di dalam kerajaan, dipakai bersama-sama kain songket untuk dijadikan sarungnya, aneka perhiasan emas, dan tas kecil atau kipas. Karena sebagian besar masyarakat Melayu memeluk Islam, banyak perempuan pengguna baju kurung yang menyerasikannya dengan jilbab, meskipun demikian terdapat juga yang tidak menggunakannya. Kini baju kurung banyak dipakai oleh masyarakat biasa, digunakan anak-anak untuk mengaji, atau ibu-ibu untuk ke pasar, tanpa disertakan pernak-pernik yang terkesan mewah. Pada awalnya, kombinasi baju adat kurung dan kain songket sebagai bawahan dikenakan oleh kaum hawa saat ada upacara kebesaran di kerajaan. Namun, seiring berkembangnya zaman, masyarakat biasa juga mulai mengenakan baju kurung, baik anak-anak maupun dewasa, untuk berbagai acara.",Indonesia,https://id.wikipedia.org/wiki/Baju_kurung,https://upload.wikimedia.org/wikipedia/commons/6/61/Pakaian_sehari-_hari_wanita_melayu_duduk_3.jpg
16,Baju kurung basiba,"Baju Kurung Basiba adalah salah satu pakaian tradisional khas dari etnis Minangkabau di Sumatera Barat, Indonesia. Baju ini merupakan simbol ""kesopanan, keanggunan, dan adat perempuan Minangkabau"", serta sering digunakan dalam upacara adat, pernikahan, dan acara kebudayaan.",Sumatera Barat,https://id.wikipedia.org/wiki/Baju_kurung_basiba,
17,Batik,"Batik (bahasa Jawa: ꦧꦛꦶꦏ꧀, translit. Bathik) adalah kain Budaya Jawa Indonesia bergambar yang pembuatannya secara khusus dengan menuliskan atau menerakan malam pada kain itu, kemudian pengolahannya diproses dengan cara tertentu yang memiliki kekhasan. sebagai keseluruhan teknik, teknologi, serta pengembangan motif dan budaya yang terkait, oleh UNESCO telah ditetapkan sebagai Warisan Kemanusiaan untuk Budaya Lisan dan Nonbendawi (Masterpieces of the Oral and Intangible Heritage of Humanity) sejak 2 Oktober 2009. Sejak saat itu, 2 Oktober ditetapkan sebagai Hari Batik Nasional. Teknik seni kain yang mirip batik dapat ditemukan pada berbagai kebudayaan di dunia seperti di Nigeria, Tiongkok, India, Malaysia, Sri Lanka dan daerah-daerah lain di Indonesia. Batik pesisir Indonesia dari pulau Jawa memiliki sejarah akulturasi yang panjang, dengan corak beragam yang dipengaruhi oleh berbagai budaya, serta paling berkembang dalam hal pola, teknik, dan kualitas pengerjaan dibandingkan batik dari daerah lain. Batik telah dianggap oleh masyarakat sebagai ikon budaya penting di Indonesia. Masyarakat Indonesia mengenakan batik sebagai busana kasual dan formal yang dapat digunakan dalam beragam acara.",Indonesia,https://id.wikipedia.org/wiki/Batik,https://upload.wikimedia.org/wikipedia/commons/6/68/Collectie_NMvWereldculturen%2C_RV-847-81%2C_Batikpatroon%2C_%27Parang_sawut%27%2C_voor_1891.jpg
18,Batik Bekasi,"Batik Bekasi adalah suatu jenis batik khusus ini berasal dari Kota Bekasi, Motif batik Bekasi merupakan karya seni batik yang identik dan bahkan menjadi ikon batik daerah Bekasi. Batik ini terdiri dari 12 motif, peluncuran 12 pakem batik Bekasi ini bersamaan dengan HUT Kota Bekasi ke-17, Senin 10 Maret 2014 dan juga dihadiri oleh Abang Mpok Kota Bekasi sebagai Duta Wisata Kota Bekasi dan Putera Puteri Kartini sebagai Duta Remaja Kota Bekasi. Acara peresmian batik Bekasi ini diadakan di Lapangan Pemerintah kota Bekasi. Tahap awal pengenalan motif tersebut dilakukan kepada sekitar 650 siswa SD dari Kecamatan Bekasi Selatan yang mengikuti Gerakan Mencanting di sekolah. Dinas Pendidikan Kota Bekasi akan menerapkan penggunaan batik Bekasi sebagai seragam sekolah pada 2015.",Indonesia,https://id.wikipedia.org/wiki/Batik_Bekasi,
19,Batik Betawi,"Batik Betawi adalah kerajinan tradisional masyarakat Jakarta. Pembuatannya diawali pada abad ke-19. Motif awalnya mengikuti corak batik wilayah pesisir utara Pulau Jawa, yaitu bertemakan pesisiran. Corak batik Betawi juga dipengaruhi oleh kebudayaan Tiongkok. Motif batik Betawi menggunakan kaligrafi khas Timur Tengah. Selain itu, batik Betawi menggunakan motif yang dikembangkan dari bentuk segitiga.",Bangka Belitung,https://id.wikipedia.org/wiki/Batik_Betawi,https://upload.wikimedia.org/wikipedia/commons/3/32/Stamp_of_Indonesia_-_2012_-_Colnect_668276_-_Batik_Jakarta.jpeg
20,Batik Dermayon,"Batik Dermayon (aksara Jawa: ꦧꦠꦶꦏ꧀ꦢꦼꦂꦩꦪꦺꦴꦤ꧀) juga dikenal sebagai Batik Complongan atau Batik Paoman merupakan ragam batik khas Indramayu, provinsi Jawa Barat dengan motif pesisir laut berupa flora dan fauna laut. Motif tersebut dilatarbelakangi oleh kondisi geografis dan profesi sebagian besar masyarakat Indramayu sebagai nelayan di pesisir utara Pulau Jawa. Dalam teknik pembuatan batik Dermayon terdapat titik-titik atau dot yang tersusun mirip seperti deretan semut yang disebut sebagai teknik melubangi, atau dalam bahasa Indramayu disebut sebagai nyomplongi. Motif dan teknik pembuatannya membuat Batik Dermayon berbeda dengan Batik lainnya. Sentra pembuatan Batik Dermayon berada di kelurahan Paoman, kecamatan Sindang, Indramayu. Batik Dermayon masuk sebagai salah satu Kebudayaan Takbenda dari Jawa Barat dan teregistrasi secara resmi oleh Kementerian Pendidikan Dasar dan Menengah Republik Indonesia dengan nomor register 372/M/2021. Indramayu merupakan salah satu sentra penghasil batik terbesar di Jawa Barat, tiga sentra lainnya yaitu Cirebon, Garut, dan Tasikmalaya. Dari keempat daerah tersebut, Cirebon merupakan sentra tertua di Indonesia.",Jawa Barat,https://id.wikipedia.org/wiki/Batik_Dermayon,https://upload.wikimedia.org/wikipedia/commons/8/85/Motif_Batik_Dermayon_Complongan_di_Paoman.jpg
21,Batik Kalimantan,"Batik Kalimantan adalah pakaian Batik khas yang berasal dari pulau kalimantan juga mempunyai batik yang di­hasilkan dari teknik rintang lilin (wax resist). Namun menyebut batik Kalimantan maka sering dikacaukan dengan kain tritik jum putan ataupun sasirangan, padahal secara teknis maupun tapak motif yang dihasilkan pun berbeda.",Indonesia,https://id.wikipedia.org/wiki/Batik_Kalimantan,
22,Batik Malaysia,"Batik Malaysia adalah seni tekstil yang berasal dari Malaysia, khususnya di pesisir timur Malaysia (Kelantan, Terengganu dan Pahang). Kebanyakan motif populernya adalah dedaunan dan bunga. Batik Malaysia yang menggambarkan manusia atau hewan terbilang jarang karena hukum Islam melarang penggambaran makhluk hidup sebagai dekorasi. Batik Malaysia juga terkenal dengan desain geometrisnya, seperti bentuk spiral. Metode pembuatan batik Malaysia juga sangat berbeda dari batik Jawa Indonesia, polanya lebih besar dan lebih sederhana, jarang, bahkan tidak menggunakan canting untuk membuat pola yang rumit dan sangat bergantung pada metode melukis kuas untuk menerapkan warna pada kain. Warnanya juga cenderung lebih terang dan lebih hidup daripada batik Jawa yang berwarna gelap. Sejalan dengan konsep budaya Malaysia, pemerintah Malaysia kini mendukung batik Malaysia sebagai pakaian nasional untuk semua lapisan masyarakat, dengan meminta desainer lokal untuk menciptakan desain batik baru yang mencerminkan ide Malaysia. Di Malaysia, batik juga dianggap sebagai ikon budaya, dengan adanya ""Hari Batik Malaysia"" yang dirayakan setiap tahun pada tanggal 3 Desember. Banyak warga Malaysia yang terus mengenakan batik Malaysia setiap hari baik untuk acara kasual maupun formal.",Nusa Tenggara Timur,https://id.wikipedia.org/wiki/Batik_Malaysia,https://upload.wikimedia.org/wikipedia/commons/4/4f/Malaysian_Batik.jpg
23,Batik Sulawesi,"Batik Sulawesi adalah jenis pakaian batik yang berasal dari Pulau Sulawesi ini pada umumnya sangat kental dengan tradisi kain tenun dan mengenai Tenun menenun, atau dengan kata lain ""dibuat secara manual dengan tangan manusia, tanpa penggunaan Mesin"", namun batik hasil buatan mesin juga telah cukup berkembang di daerah tersebut. Di wilayah sekitaran ini batik berkembang di Sulawesi Selatan (Tana Toraja), Sulawesi Tengah (Palu). dan Sulawesi Utara (Bantenan, Pinabetengan, dan Minahasa).",Banten,https://id.wikipedia.org/wiki/Batik_Sulawesi,
24,Bili'u,"Bili'u (dibaca bili-u) merupakan pakaian tradisional perempuan suku Gorontalo, Pulau Sulawesi, Indonesia. Bili'u adalah salah satu pakaian adat Gorontalo yang wajib digunakan mempelai wanita dalam upacara adat pernikahan. Bili'u dalam perkembangannya dikenal sebagai salah satu pakaian adat yang unik dan penuh nilai-nilai filosofis di Indonesia. Pada tahun 2012, Bili'u ditetapkan oleh Pemerintah Indonesia melalui Kementerian Pendidikan dan Kebudayaan sebagai Warisan Budaya Takbenda Indonesia yang berasal dari Gorontalo, Sulawesi.",Gorontalo,https://id.wikipedia.org/wiki/Bili%27u,https://upload.wikimedia.org/wikipedia/commons/f/f9/Bili%27u.png
25,Blangkon,"Blangkon (bahasa Jawa: ꦧ꧀ꦭꦁꦏꦺꦴꦤ꧀) adalah penutup atau ikat kepala lelaki dalam tradisi busana adat Jawa. Sebutan blangkon berasal dari kata Blanco dari bahasa Belanda, istilah yang dipakai masyarakat etnis Jawa untuk mengatakan sesuatu yang siap pakai. Hal itu atas perintah pemerintah Kolonial Belanda karena bangsawan Jawa bila dikumpulkan dalam pertemuan rutin selalu terlambat dengan alasan lamanya mengikat kain yang diletakan di kepala atau udeng. Di balik blangkon, ada makna filosofis yang mendalam, berupa pengharapan dalam nilai-nilai hidup. Masyarakat Jawa kuno meyakini bahwa kepala seorang lelaki memiliki arti serius dan khusus sehingga penggunaan blangkon sudah menjadi pakaian keseharian atau pakaian wajib bangsawan Jawa. Dahulu, pembuatan blangkon tidak bisa dilakukan oleh sembarang orang. Hal ini karena terdapat penetapan pakem atau aturan tersendiri. Jadi, hanya seniman yang memahami dan memiliki keahlian terkait pakem tersebut yang boleh membuat blangkon. Blangkon sebenarnya bentuk praktis dari iket yang merupakan tutup kepala yang dibuat dari batik dan digunakan oleh kaum pria sebagai bagian dari pakaian tradisional Jawa. Untuk beberapa tipe blangkon ada yang menggunakan tonjolan pada bagian belakang blangkon yang disebut mondholan. Mondholan ini menandakan model rambut pria masa itu yang sering mengikat rambut panjang mereka di bagian belakang kepala, sehingga bagian tersebut tersembul di bagian belakang blangkon. Lilitan rambut itu harus kencang supaya tidak mudah lepas. Sekarang, lilitan rambut panjang yang menjadi mondholan sudah dimodifikasi karena orang sekarang kebanyakan berambut pendek dengan membuat mondholan yang dijahit langsung pada bagian belakang blangkon. Blangkon Surakarta memiliki mondholan trèpès atau gepeng, sedangkan mondholan gaya Yogyakarta berbentuk bulat seperti onde-onde, sedangkan Mondholan gaya Ponorogo berbentuk ulekan yang lebih besar dari mondholan gaya Yogyakarta. Selain itu terdapat hiasan blangkon yang berasal dari gaya ",Aceh,https://id.wikipedia.org/wiki/Blangkon,https://upload.wikimedia.org/wikipedia/commons/5/5d/Ngayogyakarta-style_blangkon%2C_2015-05-17_04.jpg
26,Bundo Kanduang,"Bundo Kanduang atau dapat diterjemahkan secara kasar ke dalam bahasa Indonesia sebagai Bunda Kandung, adalah personifikasi etnis Minangkabau sekaligus julukan yang diberikan kepada perempuan sulung atau yang dituakan dalam suatu suku (klan). Sebutan bundo kanduang hanya melakat pada seorang perempuan yang sudah berkeluarga.",Sumatera Barat,https://id.wikipedia.org/wiki/Bundo_Kanduang,https://upload.wikimedia.org/wikipedia/commons/0/08/Bararak_Bako_Manjujuang_Katidiang.jpg
27,Busana tradisional Dani,"Busana tradisional Dani (Hubula) dapat ditemui di daerah jajaran pegunungan Jayawijaya, tepatnya di Lembah Baliem, pegunungan tengah Provinsi Papua Pegunungan. Bahan yang digunakan adalah bahan alami. Bagian penutup dibuat dari bahan dasar daun sagu dan dirajut dengan rapi, sedangkan untuk penutup kepala, secara khusus menggunakan burung kasuari. Pada umumnya, pakaian adat Papua memang tidak menggunakan atasan. Sebagai penggantinya, pada umumnya terdapat lukisan pada tubuh dengan motif daun atau akar pohon. Warna umum yang sering digunakan adalah putih dan merah. Warna merah berasal dari pasta tanah liat, sedangkan warna putih berasal dari kulit kerang yang dihaluskan.",Bali,https://id.wikipedia.org/wiki/Busana_tradisional_Dani,https://upload.wikimedia.org/wikipedia/commons/4/44/Raiyani_Muharramah_Pria_suku_dani_DSC_5025.jpg
28,Busana tradisional Gorontalo,"Busana tradisional Gorontalo yang disebut juga sebagai pakaian tradisional Gorontalo merupakan busana adat sekaligus gaya pakaian tradisional yang digunakan oleh masyarakat Gorontalo di Pulau Sulawesi. Suku Gorontalo merupakan penduduk mayoritas dan terbesar di wilayah Semenanjung Utara Sulawesi. Pakaian adat suku Gorontalo memiliki unsur otentik dengan ornamen yang indah dan beragam sebagai perpaduan budaya Gorontalo dengan berbagai budaya yang masuk dan bercampur di masyarakat. Budaya Gorontalo turut pula dipengaruhi dan dipadukan dengan budaya Islam (nilai-nilai filosofis ajaran Islam, dan juga budaya Melayu, budaya Arab dan budaya Tionghoa yang dibawa oleh para perantau ke Gorontalo.",Gorontalo,https://id.wikipedia.org/wiki/Busana_tradisional_Gorontalo,https://upload.wikimedia.org/wikipedia/commons/c/c4/Bruidspaar_uit_de_middenklasse_te_Gorontalo%2C_KITLV_3895.tiff
29,Busana tradisional Melayu,"Busana tradisional Melayu (bahasa Melayu: baju Melayu) adalah busana tradisional Indonesia khas etnis Melayu yang berakar dari Kerajaan Melayu. Baju Melayu terdiri dari dua bagian utama. Bagian pertama adalah baju (kemeja lengan panjang) itu sendiri yang memiliki kerah kaku yang ditinggikan, dikenal sebagai kerah cekak musang. Bagian kedua adalah celana panjang yang disebut ""seluar"". Kedua bagian pakaian ini menggunakan jenis kain yang sama, biasanya katun, atau campuran poliester dan katun. Ornamen seperti rok juga lazim dikenakan bersama Baju Melayu, yang merupakan ""kain samping"", berupa tenunan songket atau kain sarung dari bahan katun atau campuran poliester. Kain samping adalah gulungan kain yang terlipat di sekitar pinggang pemakainya. Tutup kepala berwarna hitam legam atau gelap yang disebut songkok juga bisa dipakai untuk melengkapi pakaian, selain tanjak (destar khas Melayu).",Indonesia,https://id.wikipedia.org/wiki/Busana_tradisional_Melayu,
30,Caping,"Caping adalah sejenis topi berbentuk kerucut yang umumnya terbuat dari anyaman bambu. Caping ada juga yang terbuat dari daun pandan, atau sejenis rumputan,ataupun daun kelapa. Sebuah caping umumya dilengkapi dengan tali dagu yang berfungsi untuk menjaga keseimbangan caping. Selain bentuknya yang khas caping juga mempunyai kelebihan dibanding topi yaitu dapat menahan panas terik matahari saat cuaca panas (kepala dan leher) dan dapat menghalau air hujan saat cuaca hujan. Caping biasanya dipakai oleh para petani ketika sedang bekerja di sawah, meskipun ada juga dari golongan bukan petani yang menggunakannya, bahkan ada juga yang menggunakannya sebagai lampion / cup lampu. Caping sudah masuk menjadi bagian kebudayaan masyarakat jawa, caping dibuat menjadi nama sebuah lagu jawa berjudul Caping gunung. Caping ternyata tidak hanya digunakan di Indonesia tetapi juga digunakan di Asia Tenggara serta Asia Timur terutama di Tiongkok, Korea, Vietnam, Jepang dan sebagainya.",Indonesia,https://id.wikipedia.org/wiki/Caping,https://upload.wikimedia.org/wikipedia/commons/9/9d/Memilih_Seraung.JPG
31,Cual,"Cual adalah kain tenun tradisional Bangka Belitung. Kain cual dibuat seperti kerajinan songket, tetapi yang motifnya adalah tenun ikat. Motif tenun cual antara lain susunan motif corak penuh (Penganten Bekecak), dan motif ruang kosong Jande Bekecak). Cual Bangka dahulu dikenal dengan nama Limar Muntok. Dewasa ini, kain cual sering digunakan oleh anak-anak sekolah dari SD sampai SMA pada saat hari Jumat sebagai busana muslim yang diwajibkan di daerah itu pada hari tersebut. Pada Festival Tanjung Kelayang (FTK) 2018, kain cual juga diperkenalkan sebagai kain khas dari kepulauan Bangka Belitung.",Bangka Belitung,https://id.wikipedia.org/wiki/Cual,https://upload.wikimedia.org/wikipedia/commons/0/04/Kain_limar_%28shoulder_cloth%29_from_Sumatra%2C_Bangka_Island%2C_late_19th_century%2C_HAA.JPG
32,Distro (pakaian),"Distro, singkatan dari distribution store atau distribution outlet, adalah jenis toko di Indonesia yang menjual pakaian dan aksesori yang dititipkan oleh pembuat pakaian, atau diproduksi sendiri. Distro umumnya merupakan industri kecil dan menengah (IKM) yang sandang dengan merk independen yang dikembangkan kalangan muda. Produk yang dihasilkan oleh distro diusahakan untuk tidak diproduksi secara massal, agar mempertahankan sifat eksklusif suatu produk dan hasil kerajinan. Konsep distro berawal pada pertengahan 1990-an di Bandung. Saat itu band-band independen (Indie) di Bandung berusaha menjual merchandise mereka seperti CD/kaset, t-shirt, dan sticker selain di tempat mereka melakukan pertunjukan. Bentuk awal distro adalah usaha rumahan dan dibuat etalase dan rak untuk menjual t-shirt. Selain komunitas musik, akhirnya banyak komunitas lain seperti komunitas punk dan skateboard yang kemudian juga membuat toko-toko kecil untuk menjual pakaian dan aksesori mereka. Kini, industri distro sudah berkembang, bahkan dianggap menghasilkan produk-produk yang memiliki kualitas ekspor. Pada tahun 2007 diperkirakan ada sekitar 700 unit usaha distro di Indonesia, dan 300 diantaranya ada di Bandung.",Aceh,https://id.wikipedia.org/wiki/Distro_(pakaian),
33,Gadod,"Gadod (bahasa Sunda: ᮌᮓᮧᮓ᮪, translit. gadod) adalah sebuah tradisi pertenunan khas Sunda yang berasal dari daerah Majalengka di Jawa Barat, Indonesia. Sejak tahun 2019, tradisi pertenunan Gadod secara resmi diakui sebagai salah satu Warisan Budaya Takbenda khas Indonesia dalam bidang Kemahiran dan Kerajinan Tradisional yang berasal dari Jawa Barat.",Jawa Barat,https://id.wikipedia.org/wiki/Gadod,
34,Galenggo,"Galenggo merupakan pakaian tradisional perempuan suku Gorontalo, Sulawesi, Indonesia. Galenggo adalah salah satu warisan pakaian adat perempuan Gorontalo yang digunakan turun temurun, dari generasi ke generasi.",Gorontalo,https://id.wikipedia.org/wiki/Galenggo,https://upload.wikimedia.org/wikipedia/commons/8/87/Galenggo_berbagai_warna.png
35,Geringsing,"Geringsing (serapan dari bahasa Bali: ᬕ᭄ᬭᬶᬂᬲᬶᬂ, translit. gringsing) adalah satu-satunya kain tenun tradisional Indonesia yang dibuat menggunakan teknik teknik dobel ikat dan memerlukan waktu 2-5 tahun. Kain ini berasal dari Desa Tenganan, Bali. Umumnya, masyarakat Tenganan memiliki kain gringsing berusia ratusan tahun yang digunakan dalam upacara khusus. Kata gringsing berasal dari gring yang berarti 'sakit' dan sing yang berarti 'tidak', sehingga bila digabungkan menjadi 'tidak sakit'. Maksud yang terkandung di dalam kata tersebut adalah seperti penolak bala. Di Bali, berbagai upacara, seperti upacara potong gigi, pernikahan, dan upacara keagamaan lain, dilakukan dengan bersandar pada kekuatan kain gringsing.",Bali,https://id.wikipedia.org/wiki/Geringsing,https://upload.wikimedia.org/wikipedia/commons/7/74/COLLECTIE_TROPENMUSEUM_Balinese_weefster_Tenganan_TMnr_10014449.jpg
36,Hamseyi,"Hamseyi adalah salah satu pakaian tradisional perempuan suku Gorontalo, Pulau Sulawesi, Indonesia. Hamseyi berbeda dengan pakaian adat gorontalo lainnya karena ornamen maupun aksesorisnya tidak sesederhana Madipungu dan tidak selengkap Bili'u.",Gorontalo,https://id.wikipedia.org/wiki/Hamseyi,https://upload.wikimedia.org/wikipedia/commons/2/27/Pakaian_Hamseyi_dari_Gorontalo.png
37,Iket,"Iket, udheng (Jawa), totopong (Sunda), atau udeng (Bali) adalah penutup kepala dari kain merupakan bagian kelengkapan sehari-hari pria di pulau Jawa dan Bali dan juga Lombok, sejak masa silam sampai sekitar awal tahun 1900-an dan mulai populer kembali pada tahun 2013. Penggunaan iket bagi pria akil balik pada masa lalu menjadi keharusan karena dipercaya melindungi mereka dari roh-roh jahat, selain untuk fungsi-fungsi praktis seperti wadah /pembungkus, selimut, bantalan untuk mengangkut beban di kepala dsb, sedangkan saat ini lebih diperuntukkan sebagai aksesoris dan upaya melestarikan budaya. Sedangkan penggunaan udeng di Ponorogo yang memiliki bentuk model Udeng terbanyak, sebagai bentuk strata sosial dan kegiatan ritual khusus. Iket Udeng masih dipakai oleh masyarakat Suku Sunda Baduy di Kampung adat Baduy pada kegiatan sehari-hari.",Jawa Barat,https://id.wikipedia.org/wiki/Iket,https://upload.wikimedia.org/wikipedia/commons/e/e8/Closeup_udeng_2A.jpg
38,Inodo,"Inodo adalah Pakaian adat tradisional Suku Bare'e yang berasal dari Kabupaten Tojo Una-una, Sulawesi Tengah. Inodo yang dipakai oleh Suku Bare'e di wilayah Poso-Tojo terbuat dari serat kayu, dan inodo terbuat dari pohon beringin biasa, pohon beringin putih, dan pohon beringin jenis kayu ivo. Pakaian adat tradisional Inodo jika menggunakan hijab dengan ikat kepala kecil dari kain yang dirajut yaitu Tali Bonto, atau kalau laki-laki dari Suku Bare'e dipakaikan dengan kain ikat kepala yang dinamakan Siga. Inodo bagi masyarakat Suku Bare'e adalah salah satu kekayaan budaya Indonesia yang dipercaya telah ada ribuan tahun yang lalu. Nenek moyang bangsa Indonesia hidup berselaras dengan alam. Salah satu contohnya dapat dilihat dari terciptanya kulit kayu sebagai bahan pakaian dan salah satunya adalah yang terbuat dari serat kayu yang disebut dengan nama Inodo, dan inodo terbuat dari serat kayu pohon beringin.",Sulawesi Tengah,https://id.wikipedia.org/wiki/Inodo,https://upload.wikimedia.org/wikipedia/commons/0/0f/Indonesian_Minister_of_Social_Affair%2C_Khofifah_Indar_Parawansa_on_the_State_Visit_in_Poso.jpg
39,Jamang,"Jamang atau juga disebut siger adalah sejenis perhiasan kepala yang dikenakan di dahi. Cara mengenakan jamang adalah melingkari kepala menyerupai ikat kepala, biasanya menghiasi kening, puncak dahi terus hingga ke pelipis. Jamang dapat dikenakan sendiri atau dipadukan dengan sumping dan rambut yang disanggul susun tinggi dan diberi perhiasan laksana mahkota sebagai kelengkapan jatamakuta. Jamang ditemukan dalam khazanah budaya Indonesia, khususnya budaya Jawa, Sunda, Bali, Lampung, Palembang dan Minang dikenakan sebagai atribut busana pengantin ataupun busana penari. Jamang kadang juga disebut siger atau singkar sebagai kelengkapan busana adat. Jamang pada busana adat Sunda disebut siger, tetapi istilah siger juga bisa dikaitkan dengan mahkota busana adat Lampung. Dalam bahasa Banjar disebut katopong yang dikenakan pemain Wayang Gung, sedang dalam mahkota pengantin wanita Banjar disebut amar.",Sumatera Barat,https://id.wikipedia.org/wiki/Jamang,https://upload.wikimedia.org/wikipedia/commons/f/f9/2011-06-05_TTF_42.jpg
40,Jarik,"Jarik merupakan sebuah sebutan dalam bahasa Jawa untuk sebuah kain yang mempunyai motif batik dengan berbagai corak. Jarik sendiri biasa digunakan oleh sesepuh orang Jawa untuk keseharian. Jarik mempunyai beberapa fungsi, seperti: Sebagai gambaran tingkat hidup dan status sosial. Makna jarik dengan motif tertentu akan menunjukan status sosial orang tersebut Jarik dapat menggambarkan darimana orang tersebut berasal, karena setiap daerah mempunyai ciri dan motif yang berbeda beda Sekarang jarik sudah berubah fungsinya tidak lagi sebagai kain yang menutupi kaki saja, melainkan sudah dapat menjadi bahan untuk koleksi",Indonesia,https://id.wikipedia.org/wiki/Jarik,
41,Kabit,"Kabit adalah pakaian tradisional bagi para lelaki suku Mentawai di Kepulauan Mentawai. Pembuatan kabit telah dimulai sejak zaman Neolitikum. Bahan yang digunakan untuk membuat kabit adalah kulit kayu. Kabit hanya digunakan oleh laki-laki suku Mentawai sebagai penutup tubuh bagian bawah yang dikaitkan di selangkangan. Pemakaian kabit yang memperlihatkan aurat, menjadi hambatan dalam islamisasi terhadap suku Mentawai oleh pedagang muslim pendatang di Kepulauan Mentawai sejak abad ke-17 Masehi.",Indonesia,https://id.wikipedia.org/wiki/Kabit,https://upload.wikimedia.org/wikipedia/commons/6/67/COLLECTIE_TROPENMUSEUM_Als_kippen_uitgedoste_Mentawai_mannen_tijdens_een_dans_in_een_dorp_aan_een_rivier_op_Siberoet_TMnr_60043043.jpg
42,Kain Bebali,"Kain Bebali atau yang di Bali Utara lebih dikenal dengan nama wangsul dan di Bali Timur dikenal dengan nama gedogan, terdiri dari dua suku kata, yakni kain dan bebali. Kain, merupakan hasil tenunan yang dipergunakan untuk menutupi tubuh. Sedangkan Bebali pengertiannya upacara. Maka, kain Bebali merupakan suatu hasil tenunan yang dipergunakan untuk kepentingan upacara, sehingga kain Bebali mengandung nilai – nilai dalam kehidupan sosio kultur. Mengutip pendapat I Made Seraya, dinyatakan bahwa kain bebali mempunyai arti penting dalam masyarakat karena mempunyai nilai-nilai tertentu antara lain, nilai guna, nilai artistik termasuk nilai estetika di dalamnya. Lebih jauh lagi, Dr. URS Ramseyer, seorang antrolog budaya dari Swiss dan ketua Yayasan Basel dankt Bali, mengatakan bahwa tenun Bebali adalah sebuah contoh yang baik sekali untuk memperlihatkan bagaimana satuan-satuan budaya material memiliki fungsi sebagai pembawa pesan-pesan bagi komunikasi pengetahuan (kearifan) budaya.",Bali,https://id.wikipedia.org/wiki/Kain_Bebali,
43,Kain tapis,"Kain Tapis merupakan salah satu kerajinan tradisional masyarakat Lampung berupa sarung yang diberi sulaman. Kain tapis biasanya terbuat dari benang katun dan benang emas. Benang katun adalah benang yang berasal dari bahan kapas dan digunakan sebagai bahan dasar dalam pembuatan kain tapis, sedangkan benang emas dipakai untuk membuat ragam hias pada tapis dengan sistem sulam. Pada awalnya, kain tapis diciptakan sebagai bentuk penghormatan kepada leluhur. Seiring berjalannya waktu, kain tapis digunakan oleh masyarakat Lampung untuk menghadiri berbagai acara adat. Saat ini, masyarakat Lampung maupun masyarakat pendatang sering menggunakan kain tapis ketika menghadiri upacara pernikahan, kegiatan resmi, hingga berbagai kegiatan kebudayaan lainnya. Kain tapis menjadi salah satu dari 3 jenis kain khas Lampung lainnya seperti kain sulam usus dan kain celugam.",Lampung,https://id.wikipedia.org/wiki/Kain_tapis,https://upload.wikimedia.org/wikipedia/commons/6/6a/Kain_tapis.JPG
44,Kampuh,"Dalam menjahit, kampuh adalah sambungan di mana dua atau lebih lapisan kain , kulit , atau bahan lain disatukan dengan jahitan . Sebelum penemuan mesin jahit , proses kampuh dilakukan dengan tangan. Kampuh pada tekstil rumah tangga modern yang diproduksi secara massal, barang olahraga , dan pakaian siap pakai dijahit dengan mesin terkomputerisasi , sedangkan pembuatan sepatu rumahan , penjahitan , jahit tindas , kerajinan tangan , adibusana , dan menjahit dapat menggunakan kombinasi jahitan tangan dan mesin. Dalam konstruksi pakaian , kampuh diklasifikasikan menurut jenisnya (jahitan polos, bertumpuk, berbatasan, atau Prancis ) dan posisinya dalam pakaian jadi (jahitan belakang tengah, jahitan samping, jahitan samping). Jahitan diselesaikan dengan berbagai teknik untuk mencegah terurainya tepi kain mentah dan untuk merapikan bagian dalam garmen.",Indonesia,https://id.wikipedia.org/wiki/Kampuh,https://upload.wikimedia.org/wikipedia/commons/0/0f/Quilting_seam.jpg
45,Kebaya,"Kebaya (pelafalan dalam bahasa Indonesia: [kəˈbaja]; kê‧ba‧ya) adalah sejenis pakaian bagian atas tradisional yang berasal dari kebudayaan Jawa di Indonesia, tetapi penggunaannya telah meluas di negara-negara Asia Tenggara lainnya seperti Malaysia, Brunei, dan Singapura. Selain itu, kebaya juga dikenakan di daerah di luar Asia Tenggara, yakni oleh orang Orang Jawa, Melayu dan orang Eurasia Portugis di Kepulauan Cocos, Pulau Natal, pesisir India dan Sri Lanka, Makau serta Afrika Selatan. Kebaya adalah pakaian bagian atas yang memiliki karakteristik terbuka di bagian depan dan dibuat secara tradisional dari kain ringan seperti brokat, katun, kasa, renda, atau voile, dan terkadang dihiasi dengan sulaman. Bagian depan diamankan dengan kancing, pin, atau bros. Sedangkan pakaian bagian bawah untuk pakaian ini biasanya dikenal sebagai sarung, kemben atau sepotong kain panjang yang dililitkan di pinggang dan dapat berupa batik, ikat, songket atau tenun Kebaya secara resmi diakui sebagai pakaian nasional dan juga ikon busana Indonesia, meskipun penggunaan kebaya hanya dipakai oleh Jawa, Sunda dan orang Bali secara berkala. Di Malaysia, Singapura dan Brunei, kenaya diakui sebagai salah satu pakaian etnis terutama di kalangan komunitas etnis Melayu dan Peranakan, dan kebaya biasanya dikenal di wilayah ini sebagai ""sarung kebaya"" yang berasal dari penamaan komponen lengkapnya. Sementara, gaya sarung kebaya bervariasi antara satu tempat dengan tempat lainnya di dalam cakupan wilayah tersebut. Kebaya telah menjadi ikon mode Asia Tenggara, dengan banyak maskapai penerbangan berbendera Asia Tenggara termasuk Singapore Airlines, Malaysia Airlines, Royal Brunei Airlines dan Garuda Indonesia telah mengadopsi pakaian tradisional ini sebagai seragam untuk pramugari perempuan maskapai tersebut.",Jawa Barat,https://id.wikipedia.org/wiki/Kebaya,https://upload.wikimedia.org/wikipedia/commons/6/63/GKR_Hayu_2.jpg
46,Kebaya Labuh dan Teluk Balangga,"Kebaya Labuh dan Teluk Balangga adalah baju adat dari Riau dan Kepri. Berasal dari Sumatera, pakaian adat ini merupakan sebuah kekayaan lokal yang ditetapkan oleh pemerintah Kepulauan Riau sebagai ikon pakaian adat dari daerah ini. Hal ini berdasarkan pada keunikan dan nilai-nilai kebudayaan yang dimiliki oleh pakaian ini sehingga merupakan nilai tambah tersendiri sebagai ciri khas kekayaan budaya Riau. Salah satu unsur budaya lokal Sumatera yang masih tetap eksis adalah baju adat. Setiap wilayah di Sumatra punya ciri khas tersendiri. Pakaian adat ini terdiri atas dua jenis pakaian adat untuk laki-laki dan wanita, yaitu Kebaya Labuh dan Teluk Balangga. Kedua baju adat ini merupakan warisan kebudayaan yang berasal dari masa kejayaan Islam di Riau. Namun, seiring dengan berjalannya waktu, kedua pakaian adat ini banyak digunakan oleh seluruh masyarakat Riau dan menjadi bagian dari pakaian adat dari Kepulauan Riau.",Riau,https://id.wikipedia.org/wiki/Kebaya_Labuh_dan_Teluk_Balangga,https://upload.wikimedia.org/wikipedia/commons/b/bd/Aksesoris_pengantin_pria_Melayu_Indonesia_dengan_kain_songket_corak_teluk_berantai_3.jpg
47,Kebaya Rancongan,"Kebaya Rancongan adalah salah satu pakaian tradisional yang khas dari Madura. Kebaya Rancongan sering disebut juga sebagai Kebaya Marlena. Kebaya ini dirancang dengan mengikuti bentuk tubuh pemakainya dan memiliki desain yang sederhana, tetapi tetap elegan. Biasanya Kebaya Rancongan terbuat dari kain tipis atau kain brokat yang memberi kesan ringan dan anggun pada pemakainya.",Jawa Timur,https://id.wikipedia.org/wiki/Kebaya_Rancongan,https://upload.wikimedia.org/wikipedia/commons/0/0f/Baju_Adat_Suku_Madura_asal_Sumenep_01.jpg
48,Kebaya janggan,"Janggan (bahasa Jawa: ꦗꦁꦒꦤ꧀, translit. janggan) adalah salah satu jenis busana tradisional Jawa untuk perempuan. Janggan secara tradisional digunakan oleh para wanita Jawa sebagai pakaian sehari-hari, khususnya di Jawa Timur dan Jawa Tengah, serta Yogyakarta. Pada masa modern, popularitas Janggan mulai naik daun terutama setelah rilisnya seri film berjudul Gadis Kretek.",Jawa Tengah,https://id.wikipedia.org/wiki/Kebaya_janggan,https://upload.wikimedia.org/wikipedia/commons/2/22/Raffles_A_Javan_Woman_of_the_lower_class.jpg
49,Kebaya kerancang,"Kebaya Kerancang adalah busana Betawi yang resmi harus dikenakan dalam pesta perkawinan oleh ibunda kedua calon/pengantin. Nama lain dari kebaya kerancang ini adalah encim. Kebaya Kerancang memiliki filosofi sebagai perlambang keindahan, kecantikan, kedewasaan, keceriaan dan pergaulan yang mengikuti kearifan, aturan dan tuntutan leluhur. Tujuannya untuk memelihara keanggunan dan kehormatan perempuan. Busana ini terdiri atas kebaya dan kebaya dan kain. Busana ini digunakan untuk keperluan resmi atau bepergian. Dahulu hanya bisa dikenakan oleh para nyai, gundik tuan blande yang kaya, karena harga kebaya ini memang selangit pada zamannya. Setelahnya datang orang Tionghoa yang juga beradaptasi menggunakan adat busana setempat dengan menggunakan kebaya bergengsi ini yang kemudian orang Betawi menyebut kebaya ini sebagai kebaya encim. Oleh Persatuan Wanita Betawi, nama ini kemudian diganti dengan 'kebaya kerancang', kerancang berasal dari bahasa Sanskerta yang berarti berlubang. Kebaya ini dibuat dengan model kartini dengan ujungnya yang sondai (meruncing ke bawah di bagian depan 20 cm - 30 cm dari bagian datar di pinggul). Selain itu model lain dari kebaya ini adalah berbentuk Kebaya Panjang Nyak Betawi, yang bawahnya datar sebatas 3 cm sampai 5 cm di atas lutut yang disebut kebaya panjang. Di masa sekarang jenis kebaya ini telah banyak berkembang dan dimodifikasi dengan menggunakan beragam jenis bahan sutra, brukat, sutra alam dan sebagainya. Kebaya ini digunakan oleh berbagai kalangan usia wanita. Biasanya oleh remaja putri kebaya ini dikombinasikan dengan rok panjang ataupun celana panjang. Hal ini tentu telah berkembang dari aslinya yang menggunakan kain sebagai pasangan. Biasanya kain yang menjadi pasangan Kebaya Kerancang bisa berupa sarung ataupun kain panjang yang disirungkan. Di masa sekarang biasanya ditambahkan pula dengan selendang untuk melengkapi kecantikan dari busana ini.",DKI Jakarta,https://id.wikipedia.org/wiki/Kebaya_kerancang,https://upload.wikimedia.org/wikipedia/commons/5/5e/Kebaya_Kerancang_Betawi_20240622_121528.jpg
50,Kemban (pakaian tradisional),"Kemban atau kemben (bahasa Jawa: ꦏꦼꦩ꧀ꦧꦼꦤ꧀, translit. kemben; bahasa Bali: ᬓᭂᬫ᭄ᬩᭂᬦ᭄) adalah pakaian tradisional suku Jawa dan Bali yang berupa kain pembungkus tubuh wanita yang secara historis umum ditemui di daerah Jawa dan Bali, Indonesia. Kemban dapat berupa sepotong kain yang membungkus tubuh, baik itu berupa kain yang polos, kain batik, beludru, atau jenis kain lain yang menutupi dada lalu melilit tubuh wanita.",Bali,https://id.wikipedia.org/wiki/Kemban_(pakaian_tradisional),https://upload.wikimedia.org/wikipedia/commons/1/11/COLLECTIE_TROPENMUSEUM_Studioportret_van_een_Javaanse_vrouw_mogelijk_uit_Jogjakarta_TMnr_60027279.jpg
51,Koje,"Koje adalah suatu istilah dalam bahasa Kaili yang merujuk pada pakaian tradisional bagi kaum laki-laki khas suku Kaili yang ada di Sulawesi Tengah. Baju Koje berbentuk kemeja dengan lengan panjang, biasanya penggunaan baju ini dikombinasikan dengan sebuah celana yang panjangnya hingga selutut.",Sulawesi Tengah,https://id.wikipedia.org/wiki/Koje,
52,Koteka,"Koteka adalah pakaian untuk menutup kemaluan laki-laki dalam budaya sebagian penduduk asli Pulau Papua. Kata koteka sendiri berasal dari bahasa mee yang berarti pakaian, dalam bahasa dani disebut holim. Koteka terbuat dari kulit labu atau juga bisa terbuat dari moncong burung khawil atau taun-taun (Rhyticeros plicatus), yang dalam bahasa korowai disebut khawisip. Mulut burung taun-taun ini dapat diperoleh dengan cara berburu, sedangkan labu air (lagenaria siceraria) ini ditanam dan diproses sehingga berbentuk yang dinamakan koteka yang digunakan oleh kaum laki-laki. Bagi masyarakat Hubula (Dani) di Lembah Baliem, bentuk holim berkaitan dengan status pemakainya. Koteka dengan ujung melengkung ke depan (kolo) dipakai oleh Ap Kain (pemimpin konfederasi), koteka yang melengkung ke samping (haliag) dipakai golongan menengah seperti Ap Menteg (panglima perang) atau Ap Ubalik (tabib atau pemimpin adat). Sedangkan koteka yang bentuknya tegak lurus digunakan oleh masyarakat biasa. Namun, setiap suku memiliki perbedaan bentuk koteka. Orang suku Yali, misalnya, menyukai bentuk labu yang panjang untuk humi mereka. Sedangkan orang Lani di Tiom biasanya memakai dua labu untuk membentuk kobeba.",Bali,https://id.wikipedia.org/wiki/Koteka,https://upload.wikimedia.org/wikipedia/commons/6/6f/Koteka.jpg
53,Lipa' Sabbe,"Lipa' Sabbe merupakan sarung khas dari dan Suku Bugis khususnya daerah Wajo, Bone, Dan Soppeng. Pusat produksi sarung ini adalah di Kota Sengkang, Kabupaten Wajo, Sulawesi Selatan. Lipa Sabbe berasal dari bahasa Bugis yang artinya Sarung sutra. Lipa' Sabbe terbuat dari kain sutra. Biasanya digunakan sebagai bawahan baik oleh pria maupun wanita. Untuk pria dipadukan dengan Jas Tutup dan Songkok Recca dan untuk wanita dipadukan dengan Waju Tokko khas Suku Bugis. Biasanya sarung ini digunakan pada acara adat, acara pernikahan seperti mappacci dan sebagai hadiah pernikahan.",Sulawesi Selatan,https://id.wikipedia.org/wiki/Lipa%27_Sabbe,https://upload.wikimedia.org/wikipedia/commons/1/19/MG_1293_%281%29.jpg
54,Lurik,"Lurik (aksara Jawa: ꦭꦸꦫꦶꦏ꧀) adalah kain dengan motif bergaris-garis kecil yang secara tradisional menjadi pakaian khas masyarakat pedesaan di kalangan suku bangsa Jawa. Lurik yang berbahan dasar katun kasar memiliki harga yang relatif murah dan terjangkau untuk masyarakat kelas bawah. Lurik adalah bahan dasar untuk pembuatan Surjan. Dalam perkembangan modern, lurik sekarang mendapat sentuhan warna-warna baru, sehingga dapat pula dipakai sebagai bahan kemeja atau sebagai komponen estetika pada rompi atau jas.",Indonesia,https://id.wikipedia.org/wiki/Lurik,https://upload.wikimedia.org/wikipedia/commons/8/86/Gunungan_and_stright_clothes.jpg
55,Madipungu,"Madipungu adalah pakaian tradisional perempuan suku Gorontalo, Pulau Sulawesi, Indonesia. Madipungu merupakan salah satu pakaian adat Gorontalo yang masih dilestarikan. Berbeda dengan pakaian adat Gorontalo lainnya, ornamen Madipungu tidak terlalu banyak dan tidak begitu lengkap seperti yang digunakan pada Bili'u. Baju adat Madipungu dapat digunakan di berbagai kesempatan, baik menjadi tamu undangan di berbagai acara, pakaian pendamping mempelai wanita, hingga pakaian resmi dalam upacara kenegaraan.",Gorontalo,https://id.wikipedia.org/wiki/Madipungu,https://upload.wikimedia.org/wikipedia/commons/9/93/Madipungu.png
56,Nggembe,"Nggembe adalah suatu jenis pakaian tradisional bagi kaum perempuan dari khas suku Kaili di Sulawesi Tengah. Pada dasarnya, baju ini dipakai pada acara adat dan acara khusus suku Kaili. Bentuk baju ini berkerah bulat dengan ukuran baju yang longgar dengan terusan hingga ke pinggang dan lengannya tidak terlalu panjang. Baju ini lebih tepat dipakai untuk acara adat suku kaili dan juga sebagai kostum untuk pagearan tari dalam berbagai kegiatan.",Sulawesi Tengah,https://id.wikipedia.org/wiki/Nggembe,
57,Pakaian,"Pakaian adalah bahan tekstil dan serat yang digunakan sebagai penutup tubuh. Pakaian merupakan kebutuhan pokok manusia selain makanan dan tempat berteduh/tempat tinggal (rumah). Manusia membutuhkan pakaian untuk melindungi dan menutup dirinya. Namun, seiring dengan perkembangan kehidupan manusia, pakaian juga digunakan sebagai simbol status, jabatan, ataupun kedudukan seseorang yang memakainya. Perkembangan dan jenis-jenis pakaian tergantung pada adat-istiadat, kebiasaan, dan budaya yang memiliki ciri khas masing-masing. Pakaian juga meningkatkan keamanan selama kegiatan berbahaya seperti hiking dan memasak, dengan memberikan penghalang antara kulit dan lingkungan. Pakaian juga memberikan penghalang higienis, menjaga toksin dari badan dan membatasi penularan kuman.",Indonesia,https://id.wikipedia.org/wiki/Pakaian,https://upload.wikimedia.org/wikipedia/commons/9/96/Clothes.jpg
58,Pakaian Adat Jawa Timur,"Pakaian adat resmi Jawa Timur adalah pakaian kerakyatan yang digunakan masyarakat Jawa Timur. bagi pria terdiri ikat kepala kaos bergaris dengan setelan luar dan celana warna hitam, sedangkan perempuan kebaya dengan sewek batik dibawah lutut. Pakaian adat Jawa timur ini mengadopsi dari suku Madura dan sub suku Panaraga. [1] Meski terlihat sama, akan tetapi pakaian kedua suku ini berbeda. Pakaian adat Madura digunakan masyarakat Madura yang berada di pulau Madura dan masyarakat Pendalungan di kawasan Tapal kuda Jawa, sedangkan pakaian adat suku Panaraga digunakan oleh masyarakat Panaraga yang berada di Kareidenan Madiun, Karesidenan Kediri.[2] meskipun demikian, masing-masing suku memiliki pakaian bangsawan tersendiri. Akan tetapi dalam konteks pakaian adat jawa timur yang ditetapkan adalah pakaian kerakyatan yang digunakan oleh 2 komunitas kebudayaan yang besar di Jawa Timur yakni suku Madura dan Sub Suku Panaraga, meskipun terdapat komunitas kebudayaan lainnya seperti sub suku Arekan, Osing, Mataraman, Tengger, Bawean dan Samin.[3]",Jawa Timur,https://id.wikipedia.org/wiki/Pakaian_Adat_Jawa_Timur,
59,Pakaian Bundo Kanduang,"Pakaian Bundo Kanduang merupakan busana tradisional khas Minangkabau yang dikenakan oleh perempuan Minang yang sudah menikah dan memiliki peran penting dalam keluarga serta kehidupan sosial. Dikenal juga dengan sebutan Limpapeh Rumah Nan Gadang, pakaian ini mencerminkan posisi dan tanggung jawab perempuan dalam melestarikan adat serta menjaga keharmonisan nilai-nilai budaya Minangkabau. Tata cara menggunakan pakaian ini harus merujuk pada Adat basandi Syarak, Syarak basandi Kitabullah, sehingga tradisi ini tidak bisa sembarang mendapatkan sentuhan modifikasi. Dalam struktur adat Minangkabau, Bundo Kanduang sering disandingkan dengan istilah limpapeh rumah gadang, yang bermakna penyangga utama rumah adat. Sebagaimana tiang tengah menopang bangunan, perempuan memegang peran sentral dalam menjaga keseimbangan nilai dan kehidupan keluarga besar. Pakaian ini umumnya terdiri atas baju kurung, sarung songket, dan tengkuluk tanduak, yakni penutup kepala berbentuk tanduk kerbau. Busana lengkap Bundo Kanduang terdiri dari baju kurung berwarna hitam, merah, atau lembayung, dihiasi minsia (bordir benang emas) yang menggambarkan keteraturan sosial dan batasan dalam adat. Di atas baju dikenakan selempang, sebagai lambang tanggung jawab sosial dan kekerabatan. Kain sarung atau kodek hingga mata kaki serta aneka perhiasan seperti subang, kalung, dan gelang bukan hanya hiasan, tetapi juga simbol peran perempuan dalam menjaga nilai, keturunan, dan kehormatan. Baju kurung yang dikenakan melambangkan kesopanan, sedangkan motif dan warna pada kain songket atau sarung menunjukkan nilai estetika sekaligus status sosial. Perhiasan seperti kalung dan anting menambah nilai simbolik sebagai pelengkap kehormatan diri. Baju kurung melambangkan kelembutan dan kesopanan, sedangkan tengkuluk tanduak melambangkan kecerdasan dan kewibawaan. Tanduk kerbau dipilih sebagai simbol karena erat dengan nilai-nilai ketangguhan dan kecerdikan, seperti dalam kisah simbolik Tambo Minangkabau. Pakaian Bundo Kan",Sumatera Barat,https://id.wikipedia.org/wiki/Pakaian_Bundo_Kanduang,https://upload.wikimedia.org/wikipedia/commons/4/45/Bundo_Kanduang.jpg
60,Pakaian Islami,"Pakaian Islami adalah pakaian yang diartikan sesuai dengan ajaran Islam. Umat Muslim memakai beragam jenis pakaian, yang dipengaruhi tidak hanya oleh pertimbangan agama, tetapi juga oleh faktor praktis, budaya, sosial, dan politik. Di masa modern, beberapa Muslim mengadopsi pakaian berdasarkan tradisi Barat, sementara yang lain mengenakan bentuk modern dari pakaian tradisional Muslim, yang selama berabad-abad biasanya berupa pakaian panjang dan longgar. Selain keuntungan praktisnya di iklim Timur Tengah, pakaian longgar juga umumnya dianggap sesuai dengan ajaran Islam, yang menetapkan bahwa area tubuh yang bersifat seksual harus disembunyikan dari pandangan umum. Pakaian tradisional untuk pria Muslim biasanya menutupi setidaknya kepala dan area antara pinggang dan lutut, sementara pakaian Islami untuk wanita harus menutupi rambut dan tubuh dari pergelangan kaki hingga leher. Beberapa wanita Muslim juga menutupi wajah mereka. Namun, Muslim lain percaya bahwa Quran secara ketat memerintahkan bahwa wanita harus mengenakan hijab atau burqa. Pakaian tradisional dipengaruhi oleh dua sumber, yaitu Quran dan hadis. Quran memberikan prinsip-prinsip panduan yang diyakini berasal dari Allah, sementara kumpulan hadis menggambarkan model peran manusia yang dikaitkan dengan nabi Islam Muhammad. Cabang industri fashion yang dipengaruhi oleh prinsip-prinsip Islam dikenal sebagai fashion Islami.",Indonesia,https://id.wikipedia.org/wiki/Pakaian_Islami,https://upload.wikimedia.org/wikipedia/commons/a/aa/%D9%86%D9%82%D8%B4_%D8%AC%D9%87%D8%A7%D9%86%DB%B1.jpg
61,Pakaian Jepang,"Pakaian yang dikenakan di Jepang terdiri dari dua jenis: pakaian tradisional yang dikenal sebagai pakaian Jepang (和服code: ja is deprecated , wafuku), termasuk pakaian nasional Jepang, kimono, dan pakaian Barat (洋服code: ja is deprecated , yōfuku), yang mencakup semua pakaian yang tidak diakui sebagai pakaian nasional atau pakaian negara lain.",Indonesia,https://id.wikipedia.org/wiki/Pakaian_Jepang,https://upload.wikimedia.org/wikipedia/commons/e/e7/Man-and-lady-kimono.JPG
62,Pakaian Viet,"Pakaian Viet (bahasa Vietnam: Việt phục, Chữ Hán: 越服) adalah semua pakaian tradisional yang dikenakan oleh orang Viet, misal pakaian áo dài. Pakaian Viet bercampur baur dengan unsur dari kebudayaan lain karena pertukaran budaya di sana. Hal ini melahirkan ciri khas pakaian tersendiri bagi orang Viet. Orang Viet dalam kehidupan sehari-hari hanya memakai pakaian Barat yang sederhana.",Indonesia,https://id.wikipedia.org/wiki/Pakaian_Viet,https://upload.wikimedia.org/wikipedia/commons/6/62/Rio_m%C3%A3_ch%C3%A2u_%C3%A1o_t%E1%BA%A5c.jpg
63,Pakaian dalam,"Pakaian dalam adalah pakaian yang dikenakan di bawah pakaian lainnya, sering kali langsung bersentuhan dengan kulit. Dipakai agar pakaian luar tidak dikotori oleh keringat, urine, cairan vagina, air mani, tinja, dan lainnya; melindungi tubuh dari kelembapan yang menyebabkan bakteri atau jamur hinggap; membentuk tubuh agar terlihat fit; dan memberikan bentuk lekukan pada bagian-bagian tertentu. Dalam cuaca dingin, pakaian dalam panjang kadang-kadang dipakai untuk memberikan kehangatan tambahan. Beberapa dimaksudkan untuk memberikan efek erotis. Beberapa jenis khusus memiliki makna keagamaan. Beberapa dirancang sebagai pakaian dalam, sementara yang lain, seperti kaus oblong dan beberapa jenis celana pendek, sesuai baik sebagai pakaian dalam dan sebagai pakaian luar. Jika terbuat dari bahan yang cocok, beberapa pakaian dalam dapat berfungsi sebagai pakaian tidur atau pakaian renang. Pakaian dalam yang biasa dikenakan oleh kedua jenis kelamin termasuk kaus oblong, baju tanpa lengan (juga disebut singlet), bikini, thong, dan G-string.",Nusa Tenggara Timur,https://id.wikipedia.org/wiki/Pakaian_dalam,https://upload.wikimedia.org/wikipedia/commons/8/89/Knickers1.jpg
64,Pakaian nasional Arab Saudi,"Pakaian nasional resmi di Arab Saudi adalah thawb untuk pria, dan abaya untuk wanita. Aturan berpakaian di Arab Saudi menganjurkan warga negaranya untuk mengenakan pakaian nasional resmi Saudi saat mengunjungi kantor dan lembaga pemerintah.",Indonesia,https://id.wikipedia.org/wiki/Pakaian_nasional_Arab_Saudi,https://upload.wikimedia.org/wikipedia/commons/0/09/%D8%B9%D8%A8%D8%AF%D8%A7%D9%84%D9%84%D9%87_%D8%A8%D9%86_%D9%85%D8%B3%D8%A7%D8%B9%D8%AF_%D8%A8%D9%86_%D8%B9%D8%A8%D8%AF%D8%A7%D9%84%D8%B9%D8%B2%D9%8A%D8%B2_%D8%A2%D9%84_%D8%B3%D8%B9%D9%88%D8%AF.jpeg
65,Pakaian pelaut,"Pakaian pelaut (atau setelan pelaut) merupakan seragam tradisional yang dikenakan oleh tamtama pelaut di angkatan laut, dan pelayan laut lainnya yang didanai oleh pemerintah. Pakaian itu kemudian dikembangkan menjadi gaya pakaian untuk anak-anak, terutama sebagai pakaian.",Bangka Belitung,https://id.wikipedia.org/wiki/Pakaian_pelaut,
66,Pakaian pengantin Betawi,"Pakaian pengantin Betawi adalah busana pengantin beserta tata cara mengenakan baju adat yang berasal dari DKI Jakarta. Pakaian adat Betawi yang dikenakan para pengantin merupakan hasil perpaduan antara budaya Tionghoa, Arab, dan Barat. Oleh karena itu, pakaian pengantin ini memiliki nama yang unik, yaitu Dandanan Care Haji bagi pakaian pengantin pria Betawi dan Dandanan Care None Pengantin Cine untuk pengantin wanita Betawi.",DKI Jakarta,https://id.wikipedia.org/wiki/Pakaian_pengantin_Betawi,https://upload.wikimedia.org/wikipedia/commons/b/b3/Betawi_Bride_and_Groom_Dolls_20240622_115930.jpg
67,Paluwala,"Paluwala merupakan pakaian tradisional pria dari suku Gorontalo, Pulau Sulawesi, Indonesia. Paluwala merupakan salah satu pakaian adat Gorontalo yang wajib digunakan dalam upacara pernikahan. Paluwala wajib digunakan oleh mempelai laki-laki dalam acara resepsi pernikahan atau pada acara kebesaran yang penting dan sakral. Paluwala kemudian ditetapkan oleh Kementerian Pendidikan dan Kebudayaan sebagai Warisan Budaya Takbenda Indonesia pada tahun 2012.",Gorontalo,https://id.wikipedia.org/wiki/Paluwala,https://upload.wikimedia.org/wikipedia/commons/0/0d/Pakaian_Paluwala_adat_Gorontalo.png
68,Pangsi,"Pangsi (aksara Sunda: ᮕᮀᮞᮤ) adalah salah satu pakaian adat Sunda. Pangsi merupakan setelan pakaian berupa baju kemeja polos yang agak longgar serta celana yang juga longgar dan panjangnya tidak melebihi mata kaki. Pakaian ini umumnya dipakai oleh laki-laki dan merupakan pakaian khas dari beberapa suku di Indonesia, terutama Betawi dan Sunda. Dalam kultur Betawi, pangsi digunakan oleh jawara atau pemuka masyarakat. Sementara dalam kultur Sunda, Pangsi merupakan pakaian bagi laki-laki yang termasuk ke dalam kelompok atau golongan rakyat biasa. Adapun suku bangsa lain di Indonesia yang juga menggunakan pangsi adalah Suku Melayu. Pangsi pada awalnya hanya merujuk kepada celana longgar, sehingga sering disebut celana Pangsi. Seiring berjalannya waktu Pangsi merujuk terhadap setiap setelan pakaian yang memakai celana Pangsi sebagai bawahan, sehingga baju yang dipakai pun ikut disebut sebagai baju Pangsi meskipun baju tersebut memiliki nama sendiri.",DKI Jakarta,https://id.wikipedia.org/wiki/Pangsi,
69,Payunga,"Payunga (disebut juga Payunga Tilabatayila) merupakan pakaian tradisional pria dari suku Gorontalo, Pulau Sulawesi, Indonesia. Payunga merupakan salah satu pakaian adat Gorontalo yang masih dilestarikan penggunaanya karena wajib digunakan dalam beberapa rangkaian upacara adat bagi laki-laki Gorontalo. Pada tahun 2014, Payunga ditetapkan oleh Kementerian Pendidikan dan Kebudayaan sebagai Warisan Budaya Takbenda Indonesia",Gorontalo,https://id.wikipedia.org/wiki/Payunga,https://upload.wikimedia.org/wikipedia/commons/9/9e/Pakaian_adat_Payunga.png
70,Pokko',"Pokko' adalah baju adat suku Toraja. Baju ini digunakan masyarakat Toraja yang disesuaikan dengan kasta dan usia. Baju adat bagi anak perempuan biasanya memiliki ciri yang lebih sederhana dan warna yang terang. Sementara, anak perempuan remaja dan perempuan dewasa mengenakan pakaian berwarna merah, kuning dan putih yang dilengkapi dengan berbagai aksesoris.",Sulawesi Selatan,https://id.wikipedia.org/wiki/Pokko%27,
71,Rok upacara wanita Sumba (Museum Kesenian Indianapolis),"Rok upacara wanita Sumba yang dibuat pada awal abad kedua puluh dari pulau Sumba, Indonesia merupakan bagian dari koleksi tekstil di Museum Kesenian Indianapolis, di Indianapolis, Indiana, Amerika Serikat. Juga dikenal sebagai lau hada, rok tersebut biasanya dipakai sebagai hadiah perkawinan bagi seorang wanita Sumba dengan status sosial yang tinggi, karena terbuat dari katun impor yang ditenun dengan mesin, manik-manik perdagangan kaca, dan cangkang nassa, yang pernah digunakan sebagai mata uang.",Nusa Tenggara Timur,https://id.wikipedia.org/wiki/Rok_upacara_wanita_Sumba_(Museum_Kesenian_Indianapolis),https://upload.wikimedia.org/wikipedia/commons/d/d7/Indonesian_woman%27s_ceremonial_skirt.jpg
72,Sabbe,"Sabbe (dari bahasa Bugis–Makassar; Lontara: ᨔᨅᨙ) adalah sebuah tradisi pertenunan yang berasal dari pulau Sulawesi wilayah selatan. Tenunan Sabbe biasanya berbahan dasar sutra (yang dihasilkan dari pengolahan kepompong ngengat sutra endemik Sulawesi (Antheraea celebensis)) dan memiliki motif khas yang merepresentasikan nilai kebudayaan tertentu. Pusat produksi pertenunan Sabbe umumnya dapat dijumpai di beberapa daerah di Sulawesi Selatan, contohnya seperti di Bone, Sengkang, Soppeng, dan Wajo. Dalam sejarah perkembangannya, tradisi pertenunan Sabbe juga disebarkan oleh etnis Bugis maupun Makassar hingga ke wilayah Kepulauan Kangean di utara Laut Bali, yang mana kemudian berasimilasi dalam kebudayaan masyarakat setempat (etnis Kangean). Sejak tahun 2016, tradisi pertenunan Sabbe secara resmi diakui sebagai salah satu Warisan Budaya Takbenda khas Indonesia dalam bidang Keterampilan dan Kemahiran Kerajinan Tradisional yang berasal dari Sulawesi Selatan.",Bali,https://id.wikipedia.org/wiki/Sabbe,
73,Saluak,"Saluak adalah tutup kepala laki-laki yang terutama terdapat pada pakaian penghulu di Minangkabau. Tutup kepala ini terbuat dari kain songket atau kain batik berbahan katun dengan warna dasar cokelat atau merah, bergantung pada warna pakaian yang digunakan. Saluak dipasang ke kepala dengan memiringkannya ke kiri. Ciri khas tutup kepala ini terletak pada kerutan atau lipatan yang membentuk jenjang, pada umumnya berjumlah lima, tapi ada pula sampai tiga belas kerutan. Saluak merupakan salah satu kelengkapan seorang penghulu dalam upacara adat di Minangkabau, seperti batagak pangulu. Bagi penghulu, kerutan atau lipatan pada saluak melambangkan banyak undang-undang yang harus dipatuhi oleh seorang penghulu. Selain dipakai oleh penghulu, tutup kepala ini dipakai oleh pengantin laki-laki pada waktu upacara pernikahan.",Sumatera Barat,https://id.wikipedia.org/wiki/Saluak,https://upload.wikimedia.org/wikipedia/commons/9/93/Minangkabau_wedding_2.jpg
74,Sarung,"Sarung merupakan sepotong kain lebar yang dijahit pada kedua ujungnya sehingga berbentuk seperti pipa/tabung. Ini adalah arti dasar dari sarung yang berlaku di Indonesia atau tempat-tempat sekawasan. Dalam pengertian busana internasional, sarung (sarong) berarti sepotong kain lebar yang pemakaiannya dibebatkan pada pinggang untuk menutup bagian bawah tubuh (pinggang ke bawah). Kain sarung dibuat dari bermacam-macam bahan: katun, poliester, atau sutera. Penggunaan sarung sangat luas, untuk santai di rumah hingga pada penggunaan resmi seperti ibadah atau upacara perkawinan. Pada umumnya penggunaan kain sarung pada acara resmi terkait sebagai pelengkap baju daerah tertentu.",Indonesia,https://id.wikipedia.org/wiki/Sarung,https://upload.wikimedia.org/wikipedia/commons/9/95/Jungle_trails_and_jungle_people_-_travel%2C_adventure_and_abservation_in_the_Far_East_%281905%29_%2814593378878%29.jpg
75,Sarung Samarinda,"Sarung Samarinda atau Tajong Samarinda adalah jenis kain tenunan tradisional yang bisa didapatkan di Kota Samarinda, Kalimantan Timur. Sarung ini ditenun dengan menggunakan Alat Tenun Bukan Mesin (ATBM) yang disebut Gedokan. Produk yang dihasilkan untuk satu buah sarung memakan waktu 15 hari. Ciri khas Sarung Samarinda adalah bahan bakunya yang menggunakan sutera yang khusus didatangkan dari Cina. Sebelum ditenun, bahan baku sutera masih harus menjalani beberapa proses agar kuat saat dipintal. Sehelai sarung yang dihasilkan perajin biasanya memiliki lebar 80 centimeter dan panjang 2 meter. Dengan ukuran sarung sebesar itu pasti ada jahitan sambungan di bagian tengahnya yang dibuat dengan menggunakan tangan. Sarung asli tidak pernah disambung dengan menggunakan mesin jahit. Inilah salah satu cara untuk membedakan kain yang asli dari yang palsu atau buatan mesin pabrik.",Kalimantan Timur,https://id.wikipedia.org/wiki/Sarung_Samarinda,https://upload.wikimedia.org/wikipedia/commons/4/49/Samarinda_Sarong.jpg
76,Sarung muna,"Sarung Muna adalah sarung tradisional yang dibuat oleh masyarakat Muna di Sulawesi Tenggara. Pada abad ke-18 Masehi, Sarung Muna digunakan sebagai pakaian bela diri Kerajaan Muna. Sarung Muna dibuat melalui dua proses, yaitu proses menyusun benang yang disebut Hani/Kasoro dan proses menenun untuk meentukan motif pada kain yang dibuat. Pewarnanya menggunakan bahan alami dan benangnya terbuat dari sutra dan kapas. Sarung Muna memiliki 15 motif yang beragam.",Sulawesi Tenggara,https://id.wikipedia.org/wiki/Sarung_muna,https://upload.wikimedia.org/wikipedia/id/0/00/Sarung_Muna.JPG
77,Sarut,"Sarut atau Ulap Sarut adalah seni menjahit di atas kain dengan motif khas Dayak Benuaq dengan merangkai benang menjadi sebuah kain dengan motif tertentu. Dahulu, benang yang digunakan berasal dari serat daun nanas. Biasanya motif yang dijahit bercorak meriah dan warna-warni. Sarut adalah salah satu seni wastra yang dimiliki oleh Suku Dayak Benuaq di Kabupaten Kutai Barat, Kalimantan Timur, selain tenun ulap doyo, tenun badong, dan sulam tumpar. Sentra kerajinan Sarut berpusat di Kecamatan Damai. Dalam mengerjakan sarut, motif yang digunakan tidak memakai pola tertentu, melainkan pola murni dari imajinasi sang perajin. Pada masa lampau, motif Sarut tidak dapat disampaikan maknanya dan menjadi simbol rahasia dan dianggap tabu sehingga orang-orang tertentu saja yang memahami. Dalam rangka mengenalkan kerajinan Sarut, sebuah even kebudayaan bernama Festival Sarut Kiai Panei Penguntei Lawei telah digelar sebanyak dua kali, yakni pada tahun 2022 dan 2023.",Kalimantan Timur,https://id.wikipedia.org/wiki/Sarut,
78,Sasirangan,"Sasirangan adalah kain tradisional yang berasal dari Kalimantan Selatan yang telah ditetapkan oleh Kementrian Pendidikan dan Kebudayaan sebagai salah satu dari 33 kain tradisional warisan budaya tak benda di Indonesia. Sasirangan berasal dari kata sirang atau manyirang yang dalam bahasa banjar berarti menjelujur atau teknik menjahit menggunakan tangan. Motifnya dibuat dengan jahitan dengan teknik jelujur. Awalnya, kain sasirangan diyakini dapat mengobati penyakit dan mengusir roh jahat sehingga pembuatannya dibatasi. Namun sekarang, produksi kain sasirangan sudah diperluas dalam berbagai kebutuhan, salah satunya adalah kebutuhan penampilan. Secara umum, pembuatannya masih menggunakan cara tradisional. Sejak tahun 2010, tradisi Sasirangan secara resmi diakui sebagai salah satu Warisan Budaya tak benda khas Indonesia dalam bidang Keterampilan dan Kemahiran Kerajinan Tradisional yang berasal dari Kalimantan Selatan.",Kalimantan Selatan,https://id.wikipedia.org/wiki/Sasirangan,https://upload.wikimedia.org/wikipedia/commons/a/a7/Kain_Sasirangan.jpg
79,Sejarah batik di Indonesia,"Sejarah Batik Indonesia terkait erat dengan perkembangan Kerajaan Majapahit dan penyebaran ajaran Islam di Pulau Jawa. Dalam beberapa catatan, pengembangan batik banyak dilakukan pada zaman Kesultanan Mataram, lalu berlanjut pada zaman Kasunanan Surakarta dan Kesultanan Yogyakarta. Keberadaan kegiatan Batik tertua berasal dari Raja yang masih bernama Wengker sebelum abad ke 7, Kerajaan di Jawa Tengah belajar batik dari Ponorogo. Karena itu, batik-batik Ponorogo agak mirip dengan batik yang beredar di Jawa Tengah, hanya saja batik ponorogo batik yang dihasilkan rata-rata berwarna hitam pekat atau biasa disebut batik irengan karena yang dekat dengan unsur-unsur magis, sehinggga dikembangkan oleh kerajaan - kerajaan di Jawa Tengah. Di kerajaan Majapahit, Bangsawan Wengker menempati keraton ri Wengker dekat istana Wilwatikta Majapahit, Sehingga pengaruh batik Wengker dikembangkan pula oleh Kerajaan. Pada abad 15 di desa Mirah, Joko Lancur anak dari lurah Golan memasuki rumah lurah Mirah ketika mencari Ayam Jagonya, terlihat Dewi Amirah sedang membatik. eksistensi Batik Ponorogo hingga abad 20 merupakan surga bagi para pembatik, karena produksi batik di Ponorogo melampaui industri batik di Jawa Tengah maupun Yogyakarta yang kemudian diambil oleh pengepul batik dari Surakarta, Yogyakarta dan Pekalongan, selain itu upah pembatik di Ponorogo tertinggi di Pulau Jawa. Kesenian batik di Indonesia telah dikenal sejak zaman Kerajaan Majapahit dan terus berkembang sampai kerajaan berikutnya beserta raja-rajanya. Kesenian batik secara umum meluas di Indonesia dan secara khusus di pulau Jawa setelah akhir abad ke-18 atau awal abad ke-19. Teknik batik sendiri telah diketahui lebih dari 1.000 tahun, kemungkinan berasal dari Mesir kuno atau Sumeria. Teknik batik meluas di beberapa negara di Afrika Barat seperti Nigeria, Kamerun, dan Mali, serta di Asia, seperti India, Sri Lanka, Bangladesh, Iran, Thailand, Malaysia dan Indonesia. Hingga awal abad ke-20, batik yang dihasilkan merupakan",Bangka Belitung,https://id.wikipedia.org/wiki/Sejarah_batik_di_Indonesia,
80,Sembagi,"Sembagi (ꦱꦼꦩ꧀ꦧꦒꦶ) atau Sembagen (ꦱꦼꦩ꧀ꦧꦒꦺꦤ꧀) adalah sebuah tradisi batik dan pertenunan khas etnis Cirebon dan Jawa yang berasal dari pulau Jawa, lebih tepatnya dari ketiga provinsi Jawa Barat (Cirebon), Jawa Tengah (Rembang dan Surakarta), maupun Yogyakarta di Indonesia. Dalam sejarah perkembangannya, tradisi batik dan tenun Sembagi di Jawa Barat yang dipopulerkan oleh etnis Cirebon turut disebarkan oleh etnis Lampung Cikoneng hingga ke wilayah Sumatra bagian selatan (Lampung), yang mana kemudian berasimilasi dalam kebudayaan wastra khas Lampung.",Lampung,https://id.wikipedia.org/wiki/Sembagi,https://upload.wikimedia.org/wikipedia/commons/6/62/Sembagen_Hook%2C_KITLV_37A241.tiff
81,Seppa Tallung,"Seppa Tallung adalah baju adat suku Toraja. Baju ini biasanya dipakai saat acara adat di Toraja Sulawesi Selatan pakaian adat ini khusus dibuat untuk laki-laki suku Toraja. Pakaian ini terdiri atas satu set baju dan celana pendek selutut. Baju ini memiliki motif polos atau bermotif sesuai dengan kain tenun Toraja yang digunakan. Memiliki penampakkan yang lebih mencolok dengan warna cerah seperti merah, kuning dan putih. Dalam penggunaannya, Seppa Tallu dipakai dengan beberapa aksesoris lengkap seperti selendang kain, gayang, ikat kepala dan kalung.",Nusa Tenggara Timur,https://id.wikipedia.org/wiki/Seppa_Tallung,
82,Songket,"Songket atau sungkit adalah jenis tenun tradisional Indonesia yang berasal dari Sumatra. Songket digolongkan dalam keluarga tenunan brokat. Songket ditenun dengan tangan menggunakan benang emas dan perak. Benang logam metalik yang tertenun berlatar kain menimbulkan efek kemilau cemerlang. Bahan kain yang umum digunakan dalam pembuatan Songket yakni meliputi sutra, katun, dan katun sutra. Songket kerap dikaitkan dengan Kemaharajaan Sriwijaya sebagai asal mula tradisi songket berasal, beberapa jenis Songket yang populer pun tak lepas dari lokasi-lokasi yang pernah berada dibawah kekuasaan Sriwijaya, salah satu lokasi dominan yang juga diyakini sebagai ibukota Kemaharajaan Sriwijaya di masa lampau yakni Palembang, yang terletak di Sumatera Selatan. Selain Palembang, beberapa daerah di Sumatra juga menjadi lokasi penghasil Songket terbaik dalam kelasnya, yakni meliputi daerah-daerah di Minangkabau atau Sumatera Barat seperti Pandai Sikek, Silungkang, Koto Gadang, dan Padang. Di luar Sumatra, kain songket juga dihasilkan oleh daerah-daerah seperti Bali, Lombok, Sambas, Sumba, Makassar, Sulawesi, dan daerah-daerah lain di Indonesia. Karena faktor sejarah kekuasaan Kemaharajaan Sriwijaya, perdagangan, dan perkawinan campuran, Songket pun juga menjadi populer di Kawasan Maritim Asia Tenggara khususnya di negara-negara sekitar Indonesia seperti Brunei, Malaysia, dan Singapura. Pada 2021, Songket telah diakui sebagai milik Malaysia oleh Warisan Budaya Tak Benda UNESCO. Tradisi Songket diakui sebagai Warisan Budaya Takbenda oleh Kementerian Pendidikan dan Kebudayaan. Tradisi Songket tersebut meliputi tradisi Songket asal Palembang dan Sambas pada 2013; Songket Pandai Sikek pada 2014; tradisi Songket asal Beratan, Bali pada 2018; dan tradisi Songket Silungkang pada 2019.",Sumatera Barat,https://id.wikipedia.org/wiki/Songket,https://upload.wikimedia.org/wikipedia/commons/c/c1/Bamboofabric.png
83,Songket Minangkabau,"Songket Minangkabau adalah kain tenun tradisional jenis songket yang berasal dari Minangkabau. Songket telah menjadi identitas budaya dalam tradisi Minangkabau. Kain songket digunakan sebagai bahan pakaian maupun bahan pembuatan kerajinan tangan lainnya. Terdapat beragam jenis motif serta filosofi dalam setiap motifnya dan telah diwarisi secara turun temurun hingga terpakai dalam acara adat. Dahulu ada banyak sentra songket Minangkabau di Sumatera Barat. Di antara sentra songket yang terkenal yaitu Pandai Sikek, Silungkang, dan Kubang. Songket Minangkabau sudah pernah menjadi tema gambar pada uang kertas rupiah emisi 2011, yaitu gambar penenun songket Pandai Sikek.",Sumatera Barat,https://id.wikipedia.org/wiki/Songket_Minangkabau,https://upload.wikimedia.org/wikipedia/commons/1/10/Tenunan_songket_khas_Minangkabau.jpg
84,Songkok,"Songkok atau kopiah adalah penutup kepala yang terbuat dari kain beludru, dan umum dipakai di Indonesia, Brunei, Malaysia, Singapura, Filipina selatan, dan Thailand selatan. Songkok sering digunakan oleh Muslim, khususnya saat ibadah. Di Indonesia, songkok juga diasosiasikan dengan gerakan nasionalis.",Indonesia,https://id.wikipedia.org/wiki/Songkok,https://upload.wikimedia.org/wikipedia/commons/d/d6/Oemar_Said_Tjokroaminoto.jpg
85,Suku Siger,"Siger merupakan perhiasan kepala khas Indonesia (yang lazimnya dikenakan oleh wanita) yang umumnya dibuat dari bahan logam (emas, perak, tembaga, kuningan, dsb), berbentuk melekuk dan terkadang menyerupai fauna (terutama kerbau dan burung), dan terkadang dihiasi dengan batu permata.",Indonesia,https://id.wikipedia.org/wiki/Suku_Siger,
86,Surjan,"Surjan (bahasa Jawa: ꦱꦸꦂꦗꦤ꧀) adalah busana atas resmi adat Jawa untuk pria yang merupakan hasil karya Sunan Kalijaga. Bahan dasar surjan terutama adalah kain tenun Lurik, meskipun dapat pula bahan bermotif bunga ataupun kain berwarna polos. Sunan Kalijaga beranggapan terjadinya ketimpangan sosial pada masyarakat Majapahit karena kasta bawah tidak mengenakan pakaian atasan sehingga dibuatlah atasan yang juga untuk menutup aurat. Menurut Kamus Besar Bahasa Indonesia, kata ""Surjan"" berarti baju jas laki-laki khas Jawa berkerah tegak; berlengan panjang, terbuat dari bahan lurik atau cita berkembang.",Indonesia,https://id.wikipedia.org/wiki/Surjan,https://upload.wikimedia.org/wikipedia/commons/6/61/Pakaian_Budaya_Indonesia_Batik_Dan_Sunan_Kali_Jaga.jpg
87,Takowa,"Takowa adalah salah satu pakaian adat Gorontalo yang digunakan oleh laki-laki suku Gorontalo di Pulau Sulawesi, Indonesia. Takowa sering kali digunakan masyarakat Gorontalo dalam berbagai upacara adat maupun acara resmi dalam agenda pemerintahan maupun sebagai pakaian adat dalam merayakan hari besar keagamaan. Pada tahun 2019, Takowa ditetapkan oleh Kementerian Pendidikan dan Kebudayaan sebagai Warisan Budaya Takbenda Indonesia.",Gorontalo,https://id.wikipedia.org/wiki/Takowa,https://upload.wikimedia.org/wikipedia/commons/1/17/Pakaian_Takowa_Da%27a.png
88,Tali Bonto,"Tali bonto adalah ikat kepala wanita Suku Bare'e yang berasal dari Kabupaten Tojo Una-una, Sulawesi Tengah. Tali Bonto terbuat hanya dari teras bambu yang dibungkus dengan kain Merah dengan lebar minimal 3 jari dan dihias dengan manik-manik tanpa menggunakan bahan tali. Tali Bonto sudah menjadi ciri khas wanita Suku Bare'e, dan Tali Bonto biasanya dipakai sehari-hari oleh wanita suku bare'e bersama dengan Inodo yaitu pakaian adat Suku Bare'e jika ke acara pesta adat dan budaya dan bekerja di ladang. Dan pakaian adat Suku Bare'e tersebut memakai ikat kepala kecil dari ruas bambu yang dilapisi kain yang dirajut atau disebut Tali Bonto.",Sulawesi Tengah,https://id.wikipedia.org/wiki/Tali_Bonto,https://upload.wikimedia.org/wikipedia/commons/6/6b/COLLECTIE_TROPENMUSEUM_Hoofdband_met_kralenversiering_TMnr_81-4.jpg
89,Tenun Nusa Tenggara Timur,"Tenun Nusa Tenggara Timur (atau disingkat Tenun NTT) adalah salah satu jenis proses menenun masyarakat Nusa Tenggara Timur. Tenun sendiri merupakan kegiatan membuat kain dengan cara memasukkan benang pakan secara horizontal pada benang-benang lungsin, biasanya telah diikat dahulu dan sudah dicelupkan ke pewarna alami. Pewarna alami tersebut biasanya dibuat dari akar-akar pohon dan ada pula yang menggunakan dedaunan.",Nusa Tenggara Timur,https://id.wikipedia.org/wiki/Tenun_Nusa_Tenggara_Timur,https://upload.wikimedia.org/wikipedia/commons/1/14/Aleta_Baun_stand-up_2.jpg
90,Tenun ikat,"Tenun ikat atau kain ikat adalah kriya tenun Indonesia berupa kain yang ditenun dari helaian benang pakan atau benang lungsin yang sebelumnya diikat dan dicelupkan ke dalam zat pewarna alami. Alat tenun yang dipakai adalah alat tenun bukan mesin. Kain ikat dapat dijahit untuk dijadikan pakaian dan perlengkapan busana, kain pelapis mebel, atau penghias interior rumah. Sebelum ditenun, helai-helai benang dibungkus (diikat) dengan tali plastik sesuai dengan corak atau pola hias yang diingini. Ketika dicelup, bagian benang yang diikat dengan tali plastik tidak akan terwarnai. Tenun ikat ganda dibuat dari menenun benang pakan dan benang lungsin yang keduanya sudah diberi motif melalui teknik pengikatan sebelum dicelup ke dalam pewarna. Teknik tenun ikat terdapat di berbagai daerah di Indonesia. Daerah-daerah di Indonesia yang terkenal dengan kain ikat di antaranya: Toraja, Mamuju, Luwu Utara, Kapuas Hulu, Sintang, Jepara, Bali, Lombok, Sumbawa, Sumba, Flores, Timor, dan Kepulauan Tanimbar. Kain gringsing dari Tenganan, Karangasem, Bali adalah satu-satunya kain di Indonesia yang dibuat dari teknik tenun ikat ganda (dobel ikat). Kain ikat dapat dibedakan dari kain songket berdasarkan jenis benang. Songket umumnya memakai benang emas atau perak. Motif kain songket hanya terlihat pada salah satu sisi kain, sedangkan motif kain ikat terlihat pada kedua sisi kain.",Bali,https://id.wikipedia.org/wiki/Tenun_ikat,https://upload.wikimedia.org/wikipedia/commons/0/05/Thread_before_dyeing_Tenun_Ikat_Lombok.JPG
91,Tenun ikat troso,"Tenun ikat troso atau kain ikat troso adalah kriya tenun Jepara tepatnya dari Desa Troso. Tenun ikat troso berupa kain yang ditenun dari helaian benang pakan atau benang lungsin yang sebelumnya diikat dan dicelupkan ke dalam zat pewarna alami. Alat tenun yang dipakai adalah alat tenun bukan mesin. Kain ikat dapat dijahit untuk dijadikan pakaian dan perlengkapan busana, kain pelapis mebel, atau penghias interior rumah. Terdapat 2 (dua) motif Tenun Ikat Troso, diantaranya: - Motif atau pola cemara (pohon Cemara); dan - Motif atau pola Lompong (daun Tales). Tenun Troso Jepara merupakan salah satu kerajinan dari Kabupaten Jepara. Tepatnya, berasal dari desa Troso yang terletak di kecamatan Pecangaan. Seperti namanya, kain tenun Jepara memang awalnya dibuat oleh masyarakat desa yang terletak 15 KM dari kota Jepara ini. Namun kini, kain Jepara tidak hanya dihasilkan oleh desa Troso tetapi juga mulai merambah desa sekitar. Cara pembuatan kain tenun yang mereka gunakan sebagian besar masih tradisional. Sebagai salah satu warisan budaya, tenun Troso Jepara tetap dijaga eksistensinya. Terlihat dengan adanya produksi tenun yang terus berlangsung hingga saat ini di daerah Troso. Sejak pertama kali ditemukan pada tahun 1935, tenun Troso terus dipertahankan dari generasi ke generasi. Seiring berkembangnya zaman dan teknologi, pembuatan tenun Troso Jepara mengalami beberapa perkembangan terutama pada motif yang digunakan. Meskipun demikian, tenun Troso Jepara masih mempertahankan keaslian proses tradisionalnya. Hal yang membuat kain tenun ini tetap eksis bersama kain-kain tenun dari daerah lainnya seperti tenun rangrang Nusa Penida dan Tapis Lampung. Di antara daerah penghasil kerajinan tenun di Indonesia, kain ikat dari pusat tenun Troso Jepara dikenal dengan harga yang lebih murah. Karena itu, kain tenun dari troso Jepara tersebar luar di berbagai daerah di Indonesia. Bahkan lebih dikenal dari tenun asli daerah tersebut. Penyebabnya antara lain, bahan baku yang lebih murah di Pu",Lampung,https://id.wikipedia.org/wiki/Tenun_ikat_troso,
92,Ti'i langga,"Ti'i langga adalah sejenis topi bertepi lebar yang terdapat di Kepulauan Rote, Indonesia bagian timur. Pulau Rote adalah pulau berpenghuni paling selatan di Indonesia, terletak di provinsi Nusa Tenggara Timur (NTT), tidak jauh dari Timor. Ciri khas topi ini adalah adanya semacam cula yang aneh mirip unikorn setinggi 40 sampai 60 sentimeter atau hiasan jambul yang melekat di bagian depan. Cula/jambul tersebut sering disebut dengan istilah ‘antena’ yang mempunyai sembilan tingkat. Bagian yang meruncing pada topi tersebut makin lama tidak akan tegak, tetapi cenderung miring dan sulit untuk ditegakan kembali. Konon hal tersebut melambangkan sifat asli orang Rote yang cenderung keras. Bersama-sama sasando, ti'i langga adalah identitas budaya dari Kepulauan Rote.",Bangka Belitung,https://id.wikipedia.org/wiki/Ti%27i_langga,https://upload.wikimedia.org/wikipedia/commons/f/f0/The_Raja_of_West_Rote.jpg
93,Tionghoa Benteng,"Orang Tionghoa Benteng (atau lebih dikenal dengan sebutan Cina Benteng atau Orang Benteng) adalah panggilan yang mengacu kepada masyarakat keturunan Tionghoa yang tinggal di daerah Tangerang, Provinsi Banten. Nama ""Tionghoa Benteng"" berasal dari kata ""Benteng"", nama lama Kota Tangerang. Saat itu terdapat sebuah benteng Belanda di Kota Tangerang di pinggir Sungai Cisadane.Difungsikan sebagai pos pengamanan untuk mencegah serangan dari Kesultanan Banten, benteng ini merupakan benteng terdepan pertahanan Belanda di Pulau Jawa. Masyarakat Tionghoa Benteng telah beberapa generasi tinggal di Tangerang yang kini telah berkembang menjadi tiga kota/kabupaten yaitu, Kota Tangerang, Kabupaten Tangerang, dan Kota Tangerang Selatan. Mereka adalah komunitas Tionghoa Peranakan terbesar di Indonesia. Setelah masa peralihan 1945—1950, banyak dari mereka yang eksodus ke Belanda dan Amerika Serikat.",Banten,https://id.wikipedia.org/wiki/Tionghoa_Benteng,https://upload.wikimedia.org/wikipedia/commons/1/15/Cina_Benteng_wedding.jpg
94,Uis,"Uis (Surat Batak Karo: ᯥᯀᯘᯪ᯳) adalah kain tenun tradisional masyarakat Batak Karo yang berasal dari Tanah Karo di Sumatera Utara, Indonesia. Sejak tahun 2015, tradisi pertenunan Uis secara resmi diakui sebagai salah satu Warisan Budaya Takbenda khas Indonesia dalam bidang Keterampilan dan Kemahiran Kerajinan Tradisional yang berasal dari Sumatera Utara.",Sumatera Utara,https://id.wikipedia.org/wiki/Uis,https://upload.wikimedia.org/wikipedia/commons/2/28/Batak_Karo_Wedding.jpg
95,Uis Gara,"Uis Gara (Surat Batak Karo: ᯥᯀᯘᯪ᯳ ᯎᯒ) adalah salah satu jenis uis. Uis Gara biasanya digunakan sebagai busana resmi adat dan kebudayaan, selain digunakan sebagai pakaian resmi dalam kegiatan adat dan budaya, pakaian ini sebelumnya digunakan pula dalam kehidupan sehari-hari masyarakat tradisional Karo. Kata Uis Gara sendiri berasal dari bahasa Batak Karo, yaitu Uis yang berarti kain dan Gara yang berarti merah. Disebut sebagai ""kain merah"" karena pada uis gara warna yang dominan adalah merah, hitam, dan putih, serta dihiasi pula berbagai ragam tenunan dari benang emas dan perak. Secara umum uis gara terbuat dari bahan kapas yang kemudian dipintal dan ditenun secara manual dan diwarnai menggunakan zat pewarna alami. Cara pembuatannya tidak jauh berbeda dengan pembuatan songket, yaitu menggunakan alat tenun bukan mesin.",Sumatera Utara,https://id.wikipedia.org/wiki/Uis_Gara,
96,Ulee Balang,"Ulee Balang adalah salah satu pakaian adat Aceh yang paling dikenal. Nama Ulee Balang sendiri berasal dari istilah Melayu hulubalang, yang merujuk pada kalangan bangsawan atau pemuka yang memiliki gelar Teuku untuk laki-laki dan cut untuk perempuan. Dahulu, pakaian ini secara khusus dikenakan oleh para raja dan anggota keluarganya yang memegang kekuasaan di Aceh. Dalam konteks adat dan budaya, Ulee Balang bukan hanya simbol estetika, tetapi juga bagian dari struktur pemerintahan adat tradisional Aceh. Istilah ulee balang sendiri merujuk pada bangsawan atau pemimpin daerah dalam sistem pemerintahan kerajaan, yang memiliki fungsi administratif dan militer di bawah otoritas sultan. Maka, busana ini turut mencerminkan fungsi strategis pemakainya dalam struktur kekuasaan tradisional. Pakaian ini menjadi simbol kekuasaan, kehormatan, dan martabat tinggi dalam struktur sosial masyarakat Aceh masa lalu. Saat ini, pakaian tersebut dikenakan dalam upacara adat, pernikahan, atau perayaan kebudayaan sebagai representasi kebesaran budaya Aceh. Busana Ulee Balang terdiri atas dua varian utama, yaitu linto baro untuk laki-laki dan daro baro untuk perempuan. Linto baro mengenakan baju meukasah berwarna gelap (hitam atau biru tua), celana sileuweu, serta penutup kepala kupiah meukeutop. Baju meukasah umumnya dibuat dari kain beludru dan dihiasi bordiran emas sebagai lambang kemegahan. Selain itu, dikenakan kain sarung songket sebagai pelapis pinggang dan pedang atau rencong yang diselipkan di sisi pinggang sebagai simbol keberanian. Warna pakaian Ulee Balang umumnya dipilih berdasarkan status dan acara. Warna hitam melambangkan kewibawaan, merah untuk keberanian, dan emas untuk kemuliaan. Motif sulaman khas Aceh yang menghiasi busana ini sering kali mengandung makna spiritual dan kearifan lokal, seperti motif awan berarak atau pucuk rebung, yang mencerminkan harapan dan pertumbuhan.",Aceh,https://id.wikipedia.org/wiki/Ulee_Balang,https://upload.wikimedia.org/wikipedia/commons/7/73/Penari_Saman_Aceh.jpg
97,Ulos,"Ulos (Surat Batak: ᯥᯞᯘᯬ᯲) adalah salah satu jenis kain khas masyarakat Batak, Sumatera Utara. Dari bahasa asalnya, ""ulos"" berarti kain. Cara membuat ulos serupa dengan cara membuat songket khas Melayu, yaitu menggunakan alat tenun bukan mesin. Warna dominan pada ulos adalah merah, hitam, dan putih yang dihiasi oleh ragam tenunan dari benang emas atau perak. Mulanya ulos dikenakan di dalam bentuk selendang atau sarung saja, kerap digunakan pada perhelatan resmi atau upacara adat Batak, tetapi kini banyak dijumpai di dalam bentuk produk suvenir, sarung bantal, ikat pinggang, tas, pakaian, alas meja, dasi, dompet, dan gorden. Ulos juga kadang-kadang diberikan kepada sang ibu yang sedang mengandung supaya mempermudah lahirnya sang bayi ke dunia dan untuk melindungi ibu dari segala mara bahaya yang mengancam saat proses persalinan. Sebagian besar ulos telah punah karena tidak diproduksi lagi, seperti Ulos Raja, Ulos Ragi Botik, Ulos Gobar, Ulos Saput (ulos yang digunakan sebagai pembungkus jenazah), dan Ulos Sibolang.",Aceh,https://id.wikipedia.org/wiki/Ulos,https://upload.wikimedia.org/wikipedia/commons/f/f5/COLLECTIE_TROPENMUSEUM_Si_gale_gale_dans_TMnr_20025981.jpg
98,Wolimomo,"Wolimomo adalah pakaian tradisional perempuan suku Gorontalo dari Pulau Sulawesi, Indonesia. Wolimomo merupakan salah satu pakaian adat kebesaran suku Gorontalo yang wajib digunakan pada berbagai upacara adat, salah satunya pada saat akad nikah. Pada tahun 2013, Wolimomo ditetapkan oleh Pemerintah Indonesia melalui Kementerian Pendidikan dan Kebudayaan sebagai Warisan Budaya Takbenda Indonesia yang berasal dari Gorontalo, Sulawesi.",Gorontalo,https://id.wikipedia.org/wiki/Wolimomo,https://upload.wikimedia.org/wikipedia/commons/4/4e/Pakaian_adat_Wolimomo.png
99,Zara (pakaian),"Zara SA, ditulis sebagai ZARA, (bahasa Spanyol: [ˈθaɾa]) adalah peritel pakaian yang berkantor pusat di Arteixo (A Coruña), Galicia, Spanyol. Perusahaan ini fokus pada mode cepat, dan produknya meliputi pakaian, aksesori, sepatu, pakaian renang, kecantikan, dan parfum. Perusahaan ini adalah yang terbesar di dalam Inditex Group, peritel pakaian terbesar di dunia. Hingga tahun 2017, perusahaan ini mengelola hingga 20 koleksi pakaian per tahun.",Indonesia,https://id.wikipedia.org/wiki/Zara_(pakaian),https://upload.wikimedia.org/wikipedia/commons/f/fd/Zara_Logo.svg
